id,counsil_short_name,name,status,kind,urls,phone_numbers
500262688,נווה מדבר,מועצה אזורית נווה מדבר,ACTIVE,רשות מקומית,http://www.nevemidbar.org.il/Pages/default.aspx,08-6202555
500224563,משגב,מועצה אזורית משגב,ACTIVE,רשות מקומית,https://www.misgav.org.il/,04-9902030
500277785,הר חברון,מועצה אזורית הר חברון,ACTIVE,רשות מקומית,https://www.hrhevron.co.il/,02-9969100/111
500262522,מעלה יוסף,מועצה אזורית מעלה יוסף,ACTIVE,רשות מקומית,https://www.myosef.org.il/Pages/default.aspx,04-9105522
500204722,אבו גוש,מועצה מקומית אבו גוש,ACTIVE,רשות מקומית,https://www.abugosh.muni.il/,02-6302700
500204730,אבו סנאן,מועצה מקומית אבו סנאן,ACTIVE,רשות מקומית,https://www.abu-sinan.muni.il,04-9568800
500224043,מטה אשר,מועצה אזורית מטה אשר,ACTIVE,רשות מקומית,https://www.matte-asher-region.muni.il/he/,04-9879666
500242201,דרום השרון,מועצה אזורית דרום השרון,ACTIVE,רשות מקומית,https://www.dsharon.org.il/,03-9000522
500210265,מטה יהודה,מועצה אזורית מטה יהודה,ACTIVE,רשות מקומית,https://www.m-yehuda.org.il,*8108
500223086,הגלבוע,מועצה אזורית הגלבוע,ACTIVE,רשות מקומית,https://www.hagilboa.org.il/,04-6533234
500223094,עמק יזרעאל,מועצה אזורית עמק יזרעאל,ACTIVE,רשות מקומית,https://www.emekyizrael.org.il/,04-6520111
500229711,גולן,מועצה אזורית גולן,ACTIVE,רשות מקומית,https://www.golan.org.il/,04-6969700
500222062,עמק הירדן,מועצה אזורית עמק הירדן,ACTIVE,רשות מקומית,https://www.j-v.org.il/,04-6757600
500277009,עפולה,עיריית עפולה,ACTIVE,רשות מקומית,https://www.afula.muni.il/he-il/%D7%90%D7%AA%D7%A8-%D7%94%D7%A2%D7%99%D7%A8/,04-6520333
500261334,באר טוביה,מועצה אזורית באר-טוביה,ACTIVE,רשות מקומית,https://beer-tuvia.org.il/,08-8509700
500243407,שדות דן,מועצה אזורית שדות דן,ACTIVE,רשות מקומית,https://www.sdan.org.il/,073-2230600
500242250,חבל מודיעין,מועצה אזורית חבל מודיעין,ACTIVE,רשות מקומית,https://www.modiin-region.muni.il/,03-9722822
500241161,עמק חפר,מועצה אזורית עמק חפר,ACTIVE,רשות מקומית,https://www.hefer.org.il/,09-8981605
500261508,לכיש,מועצה אזורית לכיש,ACTIVE,רשות מקומית,https://lachish.org.il/,1599-50-6000
500245022,עכו,עיריית עין קיניה,ACTIVE,רשות מקומית,http://www.akko.muni.il/,04-9956130
500262696,אל קסום,מועצה אזורית אל קסום,ACTIVE,רשות מקומית,http://www.alqasoum.org.il/he/,08-6796120
500232145,מנשה,מועצה אזורית מנשה,ACTIVE,רשות מקומית,http://www.menashe.co.il/,04-6177300
500261359,יואב,מועצה אזורית יואב,ACTIVE,רשות מקומית,https://www.yoav.org.il/objDoc.asp?PID=358245&OID=474554,08-8500707
500273727,שומרון,מועצה אזורית שומרון,ACTIVE,רשות מקומית,http://www.shomron.org.il/,03-9066444
500237508,אלפי מנשה,מועצה מקומית אלפי מנשה,ACTIVE,רשות מקומית,https://www.alfe-menashe.muni.il/,09-9538200
500276761,גוש עציון,מועצה אזורית גוש עציון,ACTIVE,רשות מקומית,https://www.baitisraeli.co.il/,02-9939910
500221023,מרום הגליל,מועצה אזורית מרום הגליל,ACTIVE,רשות מקומית,https://www.mrg.org.il/,04-6919816
500275748,מגילות ים המלח,מועצה אזורית מגילות ים המלח,ACTIVE,רשות מקומית,https://www.dead-sea.org.il/?item=223&section=288,02-9945000
500274733,מטה בנימין,מועצה אזורית מטה בנימין,ACTIVE,רשות מקומית,https://www.binyamin.org.il/,02-9977212
500262399,שדות נגב,מועצה אזורית שדות נגב,ACTIVE,רשות מקומית,https://www.sdotnegev.org.il/,08-9938901
500261342,שפיר,מועצה אזורית שפיר,ACTIVE,רשות מקומית,http://www.shaffir.org.il/Pages/default.aspx,08-8508922
500221015,הגליל העליון,מועצה אזורית הגליל העליון,ACTIVE,רשות מקומית,https://www.galil-elion.org.il/,04-6816466
500262381,אשכול,מועצה אזורית אשכול,ACTIVE,רשות מקומית,https://eshkol.info,08-9929102
500232459,אלונה,מועצה אזורית אלונה,ACTIVE,רשות מקומית,https://www.alona.org.il/,04-6288526
500221551,מבואות החרמון,מועצה אזורית מבואות החרמון,ACTIVE,רשות מקומית,https://www.mvhr.org.il/,04-6818000
500206370,ערערה,מועצה מקומית ערערה,ACTIVE,רשות מקומית,http://arara-ara.muni.il/he/main,077-3624304
500211925,ערערה-בנגב,מועצה מקומית ערערה-בנגב,ACTIVE,רשות מקומית,https://arara-muni.com/,08-995110
500225602,ערד,עיריית ערד,ACTIVE,רשות מקומית,https://www.arad.muni.il/,08-9951666
500222039,הגליל התחתון,מועצה אזורית הגליל התחתון,ACTIVE,רשות מקומית,https://www.glt.org.il/Pages/default.aspx,04-6628200
500275755,ערבות הירדן,מועצה אזורית ערבות הירדן,ACTIVE,רשות מקומית,https://www.jordanvalley.org.il/,02-9946620
500235700,אריאל,עיריית אריאל,ACTIVE,רשות מקומית,https://www.ariel.muni.il/,03-9061601
500205315,עראבה,עיריית עראבה,ACTIVE,רשות מקומית,https://www.arraba.muni.il/he/,04-8789797 (שלוחה: 797)
500241195,חוף השרון,מועצה אזורית חוף השרון,ACTIVE,רשות מקומית,https://hof-hasharon.co.il/,09-9596500
500244322,גדרות,מועצה אזורית גדרות,ACTIVE,רשות מקומית,http://www.gderot.muni.il/,08-8549100
500262480,רמת נגב,מועצה אזורית רמת נגב,ACTIVE,רשות מקומית,https://www.rng.org.il/,08-6564152
500200704,אשדוד,עיריית אשדוד,ACTIVE,רשות מקומית,https://www.ashdod.muni.il/he-il/%d7%90%d7%aa%d7%a8-%d7%94%d7%a2%d7%99%d7%a8/,08-8545454
500271002,אשקלון,עיריית אשקלון,ACTIVE,רשות מקומית,http://www.ashkelon.muni.il/Pages/default.aspx,08-6792306
500232152,חוף הכרמל,מועצה אזורית חוף הכרמל,ACTIVE,רשות מקומית,https://www.hof-hacarmel.co.il/,04-8132220
500244272,גן רווה,מועצה אזורית גן רוה,ACTIVE,רשות מקומית,http://www.ganrave.org.il/,08-9408230
500243308,גזר,מועצה אזורית גזר,ACTIVE,רשות מקומית,https://www.gezer-region.muni.il/,08-9274040
500205653,אזור,מועצה מקומית אזור,ACTIVE,רשות מקומית,http://www.azor.muni.il,03-6534500
500241187,לב השרון,מועצה אזורית לב השרון,ACTIVE,רשות מקומית,https://www.lev-hasharon.com/,09-7960200
500260005,באקה אל-גרביה,עיריית באקה אל-גרבייה,ACTIVE,רשות מקומית,https://www.baqa.co.il/Hebrew/Pages/default.aspx,04-6286500
500213269,"בסמ""ה","מועצה מקומית בסמ""ה",ACTIVE,רשות מקומית,https://basma.muni.il/he/Home/Index,04-6257701
500209440,בסמת טבעון,מועצה מקומית בסמת טבעון,ACTIVE,רשות מקומית,http://basmattabun.muni.il/,04-9832403
500261367,חוף אשקלון,מועצה אזורית חוף אשקלון,ACTIVE,רשות מקומית,https://www.hof-ashkelon.org.il/,08-6775552
500262001,בת ים,עיריית בת-ים,ACTIVE,רשות מקומית,https://www.bat-yam.muni.il/,03-5556435
500262530,חבל אילות,מועצה אזורית חבל אילות,ACTIVE,רשות מקומית,https://www.eilot.org.il/,08-6355888
500290002,באר שבע,עיריית באר שבע,ACTIVE,רשות מקומית,https://www.beer-sheva.muni.il/Pages/default.aspx,08-646-3777
500225305,באר יעקב,מועצה מקומית באר יעקב,ACTIVE,רשות מקומית,http://www.b-y.org.il/,08-9281082
500204805,בית ג'ן,מועצה מקומית בית-ג'ן,ACTIVE,רשות מקומית,https://beit-jann.muni.il/,04-9802220
500244298,חבל יבנה,מועצה אזורית חבל יבנה,ACTIVE,רשות מקומית,https://www.hevel-yavne.org.il/,08-8622100
500244280,ברנר,מועצה אזורית ברנר,ACTIVE,רשות מקומית,https://www.brener.org.il/mainsite.asp?sitename=brener,08-9399999
500210661,"בני עי""ש","מועצה מקומית בני עי""ש",ACTIVE,רשות מקומית,https://www.bney-ayish.muni.il/index.php,08-8595100
500261003,בני ברק,עיריית בני ברק,ACTIVE,רשות מקומית,http://www.bnei-brak.muni.il/Pages/default.aspx,03-5776500
500200316,נחל שורק,עיריית אופקים,ACTIVE,רשות מקומית,https://www.ma-soreq.org.il/?new,08-8634222
500261375,שער הנגב,מועצה אזורית שער הנגב,ACTIVE,רשות מקומית,https://www.sng.org.il/,077-9802215
500200415,בני שמעון,מועצה מקומית אליכין,ACTIVE,רשות מקומית,https://bns.org.il/,08-6257900
500236526,בית אריה,מועצה מקומית בית אריה,ACTIVE,רשות מקומית,http://www.beit-arye.co.il/,08-9127000
500204664,בית דגן,מועצה מקומית בית דגן,ACTIVE,רשות מקומית,https://www.beitdagan.muni.il/Pages/default.aspx,03-9602111
500235742,בית אל,מועצה מקומית בית אל,ACTIVE,רשות מקומית,https://www.bet-el.info/,02-9700555
500292008,בית שאן,עיריית בית שאן,ACTIVE,רשות מקומית,http://www.bet-shean.org.il/,04-6489410
500226105,בית שמש,עיריית בית-שמש,ACTIVE,רשות מקומית,https://www.betshemesh.muni.il/,02-9909815
500223078,עמק המעיינות,מועצה אזורית עמק המעיינות,ACTIVE,רשות מקומית,http://www.maianot.co.il/,04-6848222
500237805,ביתר עילית,עיריית ביתר עילית,ACTIVE,רשות מקומית,https://www.betar-illit.muni.il/,02-5888100
500204839,בענה,מועצה מקומית ביענה,ACTIVE,רשות מקומית,http://www.bine.muni.il/,04-9129500
500213525,בנימינה-גבעת עדה,מועצה מקומית בנימינה-גבעת עדה,ACTIVE,רשות מקומית,http://www.bin-ada.co.il/,04-6186400
500209986,ביר אל-מכסור,מועצה מקומית ביר אל-מכסור,ACTIVE,רשות מקומית,https://www.bir-elmaksur.org.il/he/,04-9058904
500262423,מרחבים,מועצה אזורית מרחבים,ACTIVE,רשות מקומית,https://www.merchavim.org.il/,08-9926160
500204821,בועיינה-נוג'ידאת,מועצה מקומית בועיינה-נוג'יידאת,ACTIVE,רשות מקומית,https://www.bueine-nujeidat.muni.il,04-6705083
500240015,בוקעאתא,מועצה מקומית בוקעאתא,ACTIVE,רשות מקומית,http://bukata.net,04-6981478
500204896,דבוריה,מועצה מקומית דבורייה,ACTIVE,רשות מקומית,http://www.dabburiya.net/,04-8139400
500225669,בוסתאן אל-מרג',מועצה אזורית בוסתאן אל-מרג',ACTIVE,רשות מקומית,https://www.bustanelmarg.muni.il/,04-6295829
500204946,דאלית אל-כרמל,מועצה מקומית דלית אל כרמל,ACTIVE,רשות מקומית,https://mdec.co.il/he/,04-8301900
500223136,מגידו,מועצה אזורית מגידו,ACTIVE,רשות מקומית,https://megido.org.il/,04-9598404
500204904,דייר אל-אסד,מועצה מקומית דיר אל-אסד,ACTIVE,רשות מקומית,https://deiralasad.muni.il/?lang=ar,04-9886655
500204920,דייר חנא,מועצה מקומית דייר-חנא,ACTIVE,רשות מקומית,https://www.deir-hanna.muni.il/Pages/default.aspx,04-6782039
500222005,דימונה,עיריית דימונה,ACTIVE,רשות מקומית,https://www.dimona.muni.il/,08-6563111
500236500,אפרת,מועצה מקומית אפרתה,ACTIVE,רשות מקומית,http://www.efrat.muni.il/,02-9939393
500205307,עיילבון,מועצה מקומית עילבון,ACTIVE,רשות מקומית,http://www.eilaboun.muni.il/Pages/default.aspx,04-6786407
500236609,עין מאהל,מועצה מקומית עימנואל,ACTIVE,רשות מקומית,https://www.ein-mahel.muni.il/Pages/default.aspx,04-6086803
500205323,עין קנייא,מועצה מקומית עין מאה'ל,ACTIVE,רשות מקומית,http://einknia.com/,04-6981350
500213095,אלעד,עיריית אלעד,ACTIVE,רשות מקומית,http://www.elad.muni.il/Pages/default.aspx,03-9078102
500226006,אילת,עיריית אילת,ACTIVE,רשות מקומית,http://www.eilat.muni.il,08-6367111
500235601,אלקנה,מועצה מקומית אלקנה,ACTIVE,רשות מקומית,https://www.elkana.org.il/index.php,03-9151200
500200415,אליכין,מועצה מקומית אליכין,ACTIVE,רשות מקומית,https://www.elyakhin.muni.il/Pages/default.aspx,04-6182600
500262514,תמר,מועצה אזורית תמר,ACTIVE,רשות מקומית,https://www.ma-tamar.org.il/,08-6688898
500262548,הערבה התיכונה,מועצה אזורית הערבה התיכונה,ACTIVE,רשות מקומית,https://www.arava.co.il/,08-6592206
500201827,אבן יהודה,מועצה מקומית אבן יהודה,ACTIVE,רשות מקומית,https://www.even-yehuda.muni.il/,09-8915000
500205356,פסוטה,מועצה מקומית פסוטה,ACTIVE,רשות מקומית,https://fassuta.muni.il/,04-9871040
500205372,פוריידיס,מועצה מקומית פוריידיס,ACTIVE,רשות מקומית,https://www.fureidis.muni.il/Pages/default.aspx,04-6396701
500201660,גן יבנה,מועצה מקומית גן יבנה,ACTIVE,רשות מקומית,https://www.ganyavne.muni.il/Pages/default.aspx,08-8545600
500202296,גני תקווה,מועצה מקומית גני תקוה,ACTIVE,רשות מקומית,https://www.ganeytikva.org.il/,03-5310888
500225503,גדרה,מועצה מקומית גדרה,ACTIVE,רשות מקומית,http://gedera.muni.il/,08-8593555
500245014,ע'ג'ר,מועצה מקומית אל עג'ר,ACTIVE,רשות מקומית,https://ghajarlc.org.il/,04-6951213
500206818,גבעת שמואל,עיריית גבעת שמואל,ACTIVE,רשות מקומית,https://www.givat-shmuel.muni.il/,03-5319222
500237300,גבעת זאב,מועצה מקומית גבעת זאב,ACTIVE,רשות מקומית,http://www.givat-zeev.muni.il/,02-5360100
500263009,גבעתיים,עיריית גבעתיים,ACTIVE,רשות מקומית,https://www.givatayim.muni.il/Pages/default.aspx,03-5722244
500265004,חדרה,עיריית חדרה,ACTIVE,רשות מקומית,https://www.hadera.muni.il/,04-6303311
500240007,חיפה,עיריית חיפה,ACTIVE,רשות מקומית,https://www.haifa.muni.il/Pages/default.aspx,04-8356356
500225651,אל-בטוף,מועצה אזורית אל-בטוף,ACTIVE,רשות מקומית,http://el-batouf-region.muni.il/he,04-6518855
500237698,הר אדר,מועצה מקומית הר-אדר,ACTIVE,רשות מקומית,http://www.har-adar.muni.il/49/,02-6293120
500212477,חריש,מועצה מקומית חריש,ACTIVE,רשות מקומית,https://www.harish.muni.il/,04-6186000
500220348,חצור הגלילית,מועצה מקומית חצור הגלילית,ACTIVE,רשות מקומית,https://hatzorg.co.il/,04-6916901
500264007,הרצליה,עיריית הרצליה,ACTIVE,רשות מקומית,https://www.herzliya.muni.il/,"09-9591520, 09-9591527"
500297007,הוד השרון,עיריית הוד השרון,ACTIVE,רשות מקומית,https://www.hod-hasharon.muni.il/,09-7759588
500266002,חולון,עיריית חולון,ACTIVE,רשות מקומית,https://www.holon.muni.il/Pages/default.aspx,03-5027222
500213038,חורה,מועצה מקומית חורה,ACTIVE,רשות מקומית,http://www.huranet.org/Pages/default.aspx,08-6868400
500204961,חורפיש,מועצה מקומית חורפיש,ACTIVE,רשות מקומית,http://lch.org.il/,04-9076900
500205299,אעבלין,מועצה מקומית איעבלין,ACTIVE,רשות מקומית,https://ibllin.muni.il/he/%D7%93%D7%A3-%D7%A8%D7%90%D7%A9%D7%99/,04-9866594
500231121,זבולון,מועצה אזורית זבולון,ACTIVE,רשות מקומית,https://www.zvulun.org.il/,04-8478117
500204789,אכסאל,מועצה מקומית איכסאל,ACTIVE,רשות מקומית,http://www.iksal-muni.net/,04-6554339
500205117,עילוט,מועצה מקומית עילוט,ACTIVE,רשות מקומית,https://ilut.muni.il/he/Home/Index,04-6580100
500276001,עמנואל,מועצה מקומית עכו,ACTIVE,רשות מקומית,https://www.emanuel.muni.il/,09-7927113
500205349,עספיא,מועצה מקומית עוספייא,ACTIVE,רשות מקומית,http://www.isifya.co.il/Pages/default.aspx,04-9122640
500206289,ג'ת,מועצה מקומית ג'ת,ACTIVE,רשות מקומית,https://www.jatt.muni.il/Pages/default.aspx,04-6176804
500206271,ג'לג'וליה,מועצה מקומית ג'לג'וליה,ACTIVE,רשות מקומית,https://www.jaljulye.muni.il/Pages/default.aspx,03-939-7493
500230008,ירושלים,עיריית ירושלים,ACTIVE,רשות מקומית,https://www.jerusalem.muni.il/,02-6297720
500204870,ג'ש (גוש חלב),מועצה מקומית גוש חלב,ACTIVE,רשות מקומית,http://www.jish.org.il/Pages/default.aspx,04-9527920
500205414,ג'סר א-זרקא,מועצה מקומית ג'יסר אל זרקא,ACTIVE,רשות מקומית,https://jisr-az-zarqa.muni.il/,04-6329100
500212923,ג'דיידה-מכר,מועצה מקומית ג'דיידה מכר,ACTIVE,רשות מקומית,http://judeidemaker.muni.il/he,04-9964094
500204854,ג'ולס,מועצה מקומית ג'וליס,ACTIVE,רשות מקומית,https://julis.website/default.asp,04-9963423
500209788,כעביה-טבאש-חג'אג'רה,מועצה מקומית כעבייה-טבאש-חג'אג'רה,ACTIVE,רשות מקומית,https://www.kaabiyye-tabbash-hajajre.muni.il/Pages/default.aspx,04-9536131
500205042,כאבול,מועצה מקומית כאבול,ACTIVE,רשות מקומית,https://kabul.muni.il/,04-8458101
500206339,כפר ברא,מועצה מקומית כפר-ברא,ACTIVE,רשות מקומית,https://www.kafar-bara.muni.il/,073-2461126
500205083,כפר כמא,מועצה מקומית כפר קמה,ACTIVE,רשות מקומית,http://www.kfarkama.co.il/,04-6760772
500205091,כפר כנא,מועצה מקומית כפר-כנא,ACTIVE,רשות מקומית,http://www.kfarcana.muni.il/Heb/Pages/default.aspx,04-6838621
500205109,כפר מנדא,מועצה מקומית כפר מנדא,ACTIVE,רשות מקומית,https://kafar-manda.muni.il/he/,04-9057507
500206545,כפר קרע,מועצה מקומית כפר קרע,ACTIVE,רשות מקומית,https://www.kafar-qara.muni.il/he/,074-7558600
500206347,כפר קאסם,עיריית כפר קאסם,ACTIVE,רשות מקומית,https://kfar-qasem.muni.il/he/,073-3157740 (שלוחה: 901)
500205075,כפר יאסיף,מועצה מקומית כפר יסיף,ACTIVE,רשות מקומית,https://www.kafr-yasif.muni.il/Pages/default.aspx,04-9569800
500205059,כאוכב אבו אל-היג'א,מועצה מקומית כאוכב אבו אלהיג'א,ACTIVE,רשות מקומית,https://kaokab-abu-alhija.muni.il/,04-9998624
500211396,כרמיאל,עיריית כרמיאל,ACTIVE,רשות מקומית,https://karmiel.muni.il/,04-9085555
500269006,כפר סבא,עיריית כפר סבא,ACTIVE,רשות מקומית,https://www.kfar-saba.muni.il/,09-7649106
500202676,כפר שמריהו,מועצה מקומית כפר שמריהו,ACTIVE,רשות מקומית,http://www.kfar-shemaryahu.muni.il/,09-9506699
500200472,כפר תבור,מועצה מקומית כפר תבור,ACTIVE,רשות מקומית,https://www.kefar-tavor.muni.il/,04-6769991
500212634,כפר ורדים,מועצה מקומית כפר ורדים,ACTIVE,רשות מקומית,https://kfarvradim.com/,04-9076700
500201686,כפר יונה,עיריית כפר יונה,ACTIVE,רשות מקומית,https://kfar-yona.muni.il/,09-8971113
500212964,כסרא-סמיע,מועצה מקומית כסרא סמיע,ACTIVE,רשות מקומית,https://www.kisra-sumei.muni.il/,04-6166800
500212246,כוכב יאיר,מועצה מקומית כוכב יאיר,ACTIVE,רשות מקומית,http://www.kyair.org.il/Pages/default.aspx,09-7640200
500210596,כסיפה,מועצה מקומית כסיפה,ACTIVE,רשות מקומית,https://www.kuseife.muni.il/Pages/default.aspx,08-6591300
500210604,לקיה,מועצה מקומית לקיה,ACTIVE,רשות מקומית,http://www.laqye.muni.il/Pages/default.aspx,08-6512370
500212717,להבים,מועצה מקומית להבים,ACTIVE,רשות מקומית,https://lehavim.muni.il/,08-9554777
500270004,לוד,עיריית לוד,ACTIVE,רשות מקומית,https://www.lod.muni.il/he-il/%d7%90%d7%aa%d7%a8-%d7%94%d7%a2%d7%99%d7%a8/,08-9279789
500236161,מעלה אדומים,עיריית מעלה אדומים,ACTIVE,רשות מקומית,https://www.maale-adummim.muni.il/,02-5418906
500236088,מעלה אפרים,מועצה מקומית מעלה אפרים,ACTIVE,רשות מקומית,https://www.maaleefraim.co.il/,02-9666901
500213277,מעלה עירון,מועצה מקומית מעלה עירון,ACTIVE,רשות מקומית,https://www.maaleiron.muni.il/?lang=ar,04-6409040
500210638,מעלות-תרשיחא,עיריית מעלות תרשיחא,ACTIVE,רשות מקומית,http://www.maltar.org.il/Pages/default.aspx,04-9578777
500205166,מג'ד אל-כרום,מועצה מקומית מג'ד אל-כרום,ACTIVE,רשות מקומית,https://majd-al-kurum.muni.il/,
500242011,מג'דל שמס,מועצה מקומית מג'דל שמס,ACTIVE,רשות מקומית,http://majdal.co.il/,04-6981137
500242037,מסעדה,מועצה מקומית מסעדה,ACTIVE,רשות מקומית,http://masadalc.com,04-9959100
500244280,מזכרת בתיה,מועצה אזורית ברנר,ACTIVE,רשות מקומית,https://www.mazkeret-batya.muni.il/,1-599-597777
500205174,מזרעה,מועצה מקומית מזרעה,ACTIVE,רשות מקומית,http://mazraa.muni.il/he/Home/Index,04-9820104
500205208,משהד,מועצה מקומית משהד,ACTIVE,רשות מקומית,0,04-6517084
500212683,מיתר,מועצה מקומית מיתר,ACTIVE,רשות מקומית,https://www.metar.muni.il/Pages/default.aspx,08-6684001
500200431,מטולה,מועצה מקומית מטולה,ACTIVE,רשות מקומית,http://www.metulla.muni.il,04-6837000
500210158,מבשרת ציון,מועצה מקומית מבשרת ציון,ACTIVE,רשות מקומית,http://www.m-zion.org.il/Default.aspx?nodeId=1176,02-5348516/7
500205182,מעיליא,מועצה מקומית מעיליא,ACTIVE,רשות מקומית,http://www.mielya.muni.il/Pages/default.aspx,04-9975333
500225651,מגדל,מועצה אזורית אל-בטוף,ACTIVE,רשות מקומית,http://el-batouf-region.muni.il/he,04-6518855
500208749,מגדל העמק,עיריית מגדל העמק,ACTIVE,רשות מקומית,http://www.migdal-haemeq.muni.il/Pages/default.aspx,04-6507840
500200993,מצפה רמון,מועצה מקומית מצפה רמון,ACTIVE,רשות מקומית,https://mitzpe-ramon.muni.il,08-6596237
500237979,מודיעין עילית,עיריית מודיעין עילית,ACTIVE,רשות מקומית,https://www.modil.org.il/105/,08-9140900
500213517,מודיעין-מכבים-רעות,עיריית מודיעין-מכבים-רעות,ACTIVE,רשות מקומית,https://www.modiin.muni.il/ModiinWebSite/MainPage.aspx,08-9726000
500204813,מגאר,מועצה מקומית מג'אר,ACTIVE,רשות מקומית,https://al-maghar.co.il/ar/,04-6787000
500291000,נהריה,עיריית נהריה,ACTIVE,רשות מקומית,https://www.nahariya.muni.il/Pages/default.aspx,04-6666777
500205224,נחף,מועצה מקומית נחף,ACTIVE,רשות מקומית,https://nahef.muni.il/?lang=ar,04-9987140
500273008,נצרת,עיריית נצרת,ACTIVE,רשות מקומית,http://www.nazareth.muni.il/Pages/default.aspx,04-6459213
500272000,נס ציונה,עיריית נס ציונה,ACTIVE,רשות מקומית,https://www.nzc.org.il/,08-9383838
500225008,נשר,עיריית נשר,ACTIVE,רשות מקומית,http://www.nesher.muni.il/,04-8299200
500274006,נתניה,עיריית נתניה,ACTIVE,רשות מקומית,https://www.netanya.muni.il/,09-8604400
500202460,נתיבות,עיריית נתיבות,ACTIVE,רשות מקומית,http://www.netivot.muni.il/,08-9938711
500210612,נוף הגליל,עיריית נוף הגליל - נצרת עילית,ACTIVE,רשות מקומית,https://www.nof-hagalil.muni.il/,04-6478888
500200316,אופקים,עיריית אופקים,ACTIVE,רשות מקומית,https://www.ofaqim.muni.il/,08-9928537/147
500206669,עומר,מועצה מקומית עומר,ACTIVE,רשות מקומית,https://www.omer.muni.il/,08-6291130
500210208,אור עקיבא,עיריית אור עקיבא,ACTIVE,רשות מקומית,http://www.oraqiva.muni.il/Pages/default.aspx,04-6108800
500224001,אור יהודה,עיריית אור יהודה,ACTIVE,רשות מקומית,https://www.oryehuda.muni.il/,073-3388100
500237607,אורנית,מועצה מקומית אורנית,ACTIVE,רשות מקומית,http://www.oranit.org.il/,03-9360465
500278007,פרדס חנה-כרכור,מועצה מקומית פרדס-חנה-כרכור,ACTIVE,רשות מקומית,https://www.pardes-hanna-karkur.muni.il/,077-9779700
500201710,פרדסיה,מועצה מקומית פרדסיה,ACTIVE,רשות מקומית,http://www.pardesia.muni.il/,09-8945551
500205364,פקיעין (בוקייעה),מועצה מקומית פקיעין,ACTIVE,רשות מקומית,http://www.peqiin.muni.il/web/index.php,04-6885420
500279005,פתח תקווה,עיריית פתח תקוה,ACTIVE,רשות מקומית,https://www.petah-tikva.muni.il/Pages/default.aspx,03-9052450
500201959,קדימה-צורן,מועצה מקומית קדימה-צורן,ACTIVE,רשות מקומית,http://www.kadima-zoran.muni.il,09-8902999
500206388,קלנסווה,עיריית קלנסווה,ACTIVE,רשות מקומית,http://www.qalanmun.com/Pages/default.aspx,09-8780388
500236401,קרני שומרון,מועצה מקומית קרני שומרון,ACTIVE,רשות מקומית,https://karneishomron.co.il/,09-7940333
500241005,קצרין,מועצה מקומית קצרין,ACTIVE,רשות מקומית,https://katsrin.com,04-6969620
500235577,קדומים,מועצה מקומית קדומים,ACTIVE,רשות מקומית,https://kedumim.org.il/,09-7778001
500236112,קרית ארבע,מועצה מקומית קרית ארבע,ACTIVE,רשות מקומית,https://kiryat4.org.il/,02-9969555
500268008,קרית אתא,עיריית קרית אתא,ACTIVE,רשות מקומית,http://www.kiryat-ata.org.il/Pages/default.aspx,04-8478478
500295001,קרית ביאליק,עיריית קרית ביאליק,ACTIVE,רשות מקומית,https://www.qbialik.org.il/,04-8780888
500204698,קרית עקרון,מועצה מקומית קרית עקרון,ACTIVE,רשות מקומית,https://www.kiryat-ekron.muni.il/,08-6228870
500226303,קרית גת,עיריית קרית גת,ACTIVE,רשות מקומית,https://www.qiryat-gat.muni.il/,08-6874500
500210349,קרית מלאכי,עיריית קרית מלאכי,ACTIVE,רשות מקומית,https://k-m.org.il/,08-8500842
500282009,קרית מוצקין,עיריית קרית מוצקין,ACTIVE,רשות מקומית,http://www.motzkin.co.il/municipality/Pages/default.aspx,04-8780222
500226204,קרית אונו,עיריית קרית אונו,ACTIVE,רשות מקומית,https://www.kiryatono.muni.il/,03-5311101
500228002,קרית שמונה,עיריית קרית שמונה,ACTIVE,רשות מקומית,https://www.k-8.co.il/,04-6908409
500223003,קרית טבעון,מועצה מקומית קרית טבעון,ACTIVE,רשות מקומית,http://www.ktv.org.il/,04-9539292
500296009,קרית ים,עיריית קרית ים,ACTIVE,רשות מקומית,https://www.kiryat-yam.muni.il/,04-8789700
500211370,קרית יערים,מועצה מקומית קרית יערים,ACTIVE,רשות מקומית,https://kiryatyearim.muni.il/,02-5410000
500287008,רעננה,עיריית רעננה,ACTIVE,רשות מקומית,https://www.raanana.muni.il/Pages/default.aspx,09-7622100
500211610,רהט,עיריית רהט,ACTIVE,רשות מקומית,https://rahat-muni.com/?lang=he,08-9914906
500286000,רמת גן,עיריית רמת גן,ACTIVE,רשות מקומית,https://www.ramat-gan.muni.il/,03-6753333
500226501,רמת השרון,עיריית רמת השרון,ACTIVE,רשות מקומית,https://ramat-hasharon.muni.il/,03-5483802
500201223,רמת ישי,מועצה מקומית רמת ישי,ACTIVE,רשות מקומית,https://ramat-yishay.com/,04-9039801
500205430,ראמה,מועצה מקומית ראמה,ACTIVE,רשות מקומית,https://rame.muni.il/,04-9888065
500285002,רמלה,עיריית רמלה,ACTIVE,רשות מקומית,https://www.ramla.muni.il/,08-9771666
500284005,רחובות,עיריית רחובות,ACTIVE,רשות מקומית,https://www.rehovot.muni.il/,08-9392222
500205422,ריינה,מועצה מקומית ריינה,ACTIVE,רשות מקומית,http://reine.muni.il/he/home/index,04-6094700
500209226,רכסים,מועצה מקומית רכסים,ACTIVE,רשות מקומית,https://rekhasim.muni.il,04-8308400
500283007,ראשון לציון,עיריית ראשון לציון,ACTIVE,רשות מקומית,https://www.rishonlezion.muni.il/Pages/default.aspx,03-9542799
500226402,ראש העין,עיריית ראש העין,ACTIVE,רשות מקומית,http://www.rosh-haayin.muni.il/,03-9007272
500210265,ראש פינה,מועצה אזורית מטה יהודה,ACTIVE,רשות מקומית,https://rosh-pinna.muni.il/,04-6808600
500205257,סאג'ור,מועצה מקומית סאג'ור,ACTIVE,רשות מקומית,https://www.sajur.muni.il/he/,04-6660021 (שלוחה: 21)
500275003,סח'נין,עיריית סח'נין,ACTIVE,רשות מקומית,https://www.sakhnin.muni.il/he/,04-6788888
500205877,סביון,מועצה מקומית סביון,ACTIVE,רשות מקומית,https://savyon.muni.il/,03-7370901
500210315,שדרות,עיריית שדרות,ACTIVE,רשות מקומית,https://www.e-sderot.org.il/,08-6620222
500212865,שגב-שלום,מועצה מקומית שגב-שלום,ACTIVE,רשות מקומית,https://www.segev-shalom.muni.il/Pages/default.aspx,08-9178200
500205380,שעב,מועצה מקומית שעב,ACTIVE,רשות מקומית,https://shaab.muni.il/public/,04-9951229
500203826,שער שומרון,מועצה מקומית שער שומרון,ACTIVE,רשות מקומית,https://www.shaar-s.org.il/,03-9079700
500288006,שפרעם,עיריית שפרעם,ACTIVE,רשות מקומית,https://shefaram.muni.il/he/CmsPage/Department/2,04-9059500
500208129,שלומי,מועצה מקומית שלומי,ACTIVE,רשות מקומית,https://www.shelomi.org.il/,
500209135,שבלי - אום אל-גנם,מועצה מקומית שבלי,ACTIVE,רשות מקומית,https://www.shibli-umm-al-ghanam.muni.il/he/departments,04-6765644
500213046,שוהם,מועצה מקומית שהם,ACTIVE,רשות מקומית,https://www.shoham.muni.il/,03-9723010
500289004,טמרה,עיריית טמרה,ACTIVE,רשות מקומית,https://www.tamra.muni.il/,"04-9946526, 04-9946527"
500227301,טייבה,עיריית טייבה,ACTIVE,רשות מקומית,http://taibeh.muni.il/,072-256-3400
500250006,תל אביב - יפו,עיריית תל-אביב-יפו,ACTIVE,רשות מקומית,https://www.tel-aviv.gov.il/Pages/HomePage.aspx,03-5238888
500201546,תל מונד,מועצה מקומית תל מונד,ACTIVE,רשות מקומית,https://tel-mond.muni.il/,09-7774100
500210547,תל שבע,מועצה מקומית תל שבע,ACTIVE,רשות מקומית,https://tel-sheva.muni.il/?lang=he,08-6293900
500267000,טבריה,עיריית טבריה,ACTIVE,רשות מקומית,https://www.tiberias.muni.il/,04-673-9585
500221007,טירת כרמל,עיריית טירת כרמל,ACTIVE,רשות מקומית,http://www.tirat-carmel.muni.il/Pages/default.aspx,04-8547000
500227202,טירה,עיריית אל-טירה,ACTIVE,רשות מקומית,http://www.tira.muni.il/Pages/default.aspx,09-7751416
500209622,טובא-זנגריה,מועצה מקומית טובא-זנגריה,ACTIVE,רשות מקומית,http://www.tuba-zangariyye.muni.il/,04-9008500
500204987,טורעאן,מועצה מקומית טורעאן,ACTIVE,רשות מקומית,https://www.turan.muni.il/he/,04-6414005
500227103,אום אל-פחם,עיריית אום-אל-פחם,ACTIVE,רשות מקומית,http://www.umelfahem.org/,04-8285600
500204995,יפיע,מועצה מקומית יפיע,ACTIVE,רשות מקומית,https://www.yaffa.org.il/he/,04-6557555
500212956,יאנוח-ג'ת,מועצה מקומית ינוח ג'ת,ACTIVE,רשות מקומית,https://www.yanuh-jat.muni.il/Pages/default.aspx,04-6192814
500226600,יבנה,עיריית יבנה,ACTIVE,רשות מקומית,https://www.yavne.muni.il/,08-9433333
500200464,יבנאל,מועצה מקומית יבנאל,ACTIVE,רשות מקומית,https://yavneel.muni.il/,04-6708346
500213574,יהוד-מונוסון,עיריית יהוד מונוסון,ACTIVE,רשות מקומית,http://www.yehud-monosson.muni.il/,03-5391212
500208319,ירוחם,מועצה מקומית ירוחם,ACTIVE,רשות מקומית,http://www.yeroham.muni.il/Pages/default.aspx,08-6598202
500244298,יסוד המעלה,מועצה אזורית חבל יבנה,ACTIVE,רשות מקומית,http://www.yesud-hamaala.muni.il/,04-6937511
500205026,ירכא,מועצה מקומית ירכא,ACTIVE,רשות מקומית,https://www.yirka.muni.il/,04-9568111
500202403,יקנעם עילית,עיריית יקנעם עילית,ACTIVE,רשות מקומית,http://www.yoqneam.org.il/Pages/default.aspx,04-9596000
500209754,זרזיר,מועצה מקומית זרזיר,ACTIVE,רשות מקומית,https://zarzir.muni.il/,04-6416100
500280003,צפת,עיריית צפת,ACTIVE,רשות מקומית,https://www.zefat.muni.il/Pages/default.aspx,04-6927444
500212907,זמר,מועצה מקומית זמר,ACTIVE,רשות מקומית,http://zemar.org/home,"09-8743302, 09-8743578, 09-8743662"
500293006,זכרון יעקב,מועצה מקומית זכרון יעקב,ACTIVE,רשות מקומית,https://zy1882.co.il/,04-6297100
500201113,צור הדסה,מועצה מקומית צור הדסה,ACTIVE,רשות מקומית,https://www.tzur-hadassa.org.il/,6412*