code,urls
revaha:6b53097c3732d7286c332d6d493e96c52d82c2dd,https://www.eilat.muni.il/%D7%94%D7%90%D7%92%D7%A3-%D7%9C%D7%A9%D7%99%D7%A8%D7%95%D7%AA%D7%99%D7%9D-%D7%97%D7%91%D7%A8%D7%AA%D7%99%D7%99%D7%9D/#האתר של המחלקה בעברית
revaha:c1e2b2de8f19f48819a493ec69441b74be1dccc8,https://www.beer-sheva.muni.il/Residents/Welfare/RevahaDep/Pages/default.aspx#האתר של המחלקה בעברית
revaha:5ec55c698470aa9a71c798ee1b76b68b874e0815,https://www.beer-sheva.muni.il/Residents/Welfare/RevahaDep/pages/levhair.aspx#האתר של המחלקה בעברית
revaha:1835a93e923c121cbb2c8009b4fe97ab35fd33ce,https://www.beer-sheva.muni.il/Residents/Welfare/RevahaDep/Pages/DRabati.aspx#האתר של המחלקה בעברית
revaha:7a288ab7ed8060e1cefdd3b65da2014c3ef6adc9,https://www.dimona.muni.il/%D7%A8%D7%95%D7%95%D7%97%D7%94-%D7%95%D7%A9%D7%99%D7%A8%D7%95%D7%AA%D7%99%D7%9D-%D7%97%D7%91%D7%A8%D7%AA%D7%99%D7%99%D7%9D/#האתר של המחלקה בעברית
revaha:518fab9f4cd50202326b2b487abcf887992ce34a,https://www.dimona.muni.il/%D7%9C%D7%A9%D7%9B%D7%95%D7%AA-%D7%A8%D7%95%D7%95%D7%97%D7%94-%D7%90%D7%96%D7%95%D7%A8%D7%99%D7%95%D7%AA/#האתר של המחלקה בעברית
revaha:54d03b5e4602e5f050c03d622ca231494f56aec3,https://www.dimona.muni.il/%D7%9C%D7%A9%D7%9B%D7%95%D7%AA-%D7%A8%D7%95%D7%95%D7%97%D7%94-%D7%90%D7%96%D7%95%D7%A8%D7%99%D7%95%D7%AA/#האתר של המחלקה בעברית
revaha:85b7e73b7723236b74a38caf3931166c79246c55,https://www.qiryat-gat.muni.il/%D7%90%D7%92%D7%A3-%D7%9C%D7%A6%D7%A8%D7%9B%D7%99%D7%9D-%D7%9E%D7%99%D7%95%D7%97%D7%93%D7%99%D7%9D-%D7%95%D7%A0%D7%92%D7%99%D7%A9%D7%95%D7%AA#האתר של המחלקה בעברית
revaha:90cda685be2101929d8b32eda65dc60fd5d1aa7d,https://www.ofaqim.muni.il/%D7%A8%D7%95%D7%95%D7%97%D7%94/#האתר של המחלקה בעברית
revaha:beffa0bb4d5dbb2cce921532afd183fd32a2f8b8,
revaha:c83727e9c094615c9af6bc08b5da297b29eb0947,https://www.netivot.muni.il/%D7%A9%D7%99%D7%A8%D7%95%D7%AA%D7%99%D7%9D-%D7%97%D7%91%D7%A8%D7%AA%D7%99%D7%99%D7%9D/#האתר של המחלקה בעברית
revaha:1cf1e701b9e615f8891887489d1ae37a193bd7b3,https://www.e-sderot.org.il/%D7%A2%D7%99%D7%A8%D7%99%D7%99%D7%94/%D7%99%D7%97%D7%99%D7%93%D7%95%D7%AA-%D7%94%D7%A2%D7%99%D7%A8%D7%99%D7%99%D7%94/%D7%A9%D7%99%D7%A8%D7%95%D7%AA%D7%99%D7%9D-%D7%97%D7%91%D7%A8%D7%AA%D7%99%D7%99%D7%9D-%D7%A8%D7%95%D7%95%D7%97%D7%94/#האתר של המחלקה בעברית
revaha:5f24827c87e5f1f9f6c0838aba44e722a5a622dd,https://mitzpe-ramon.muni.il/department/%D7%94%D7%9E%D7%97%D7%9C%D7%A7%D7%94-%D7%9C%D7%A9%D7%99%D7%A8%D7%95%D7%AA%D7%99%D7%9D-%D7%97%D7%91%D7%A8%D7%AA%D7%99%D7%99%D7%9D/#האתר של המחלקה בעברית
revaha:f94fb345fe02457a285742eeffe90633fde02224,https://www.arad.muni.il/%D7%94%D7%9E%D7%97%D7%9C%D7%A7%D7%94-%D7%9C%D7%A9%D7%99%D7%A8%D7%95%D7%AA%D7%99%D7%9D-%D7%97%D7%91%D7%A8%D7%AA%D7%99%D7%99%D7%9D/#האתר של המחלקה בעברית
revaha:a4b4bf61b5138e321fa95c292abc49854f6be6a4,https://www.omer.muni.il/%D7%A9%D7%99%D7%A8%D7%95%D7%AA-%D7%9C%D7%90%D7%96%D7%A8%D7%97/%D7%A9%D7%99%D7%A8%D7%95%D7%AA%D7%99-%D7%A8%D7%95%D7%95%D7%97%D7%94/#האתר של המחלקה בעברית
revaha:148375161973bb2aff82cdb14a1cf1954c37bce2,https://www.metar.muni.il/Units/Welfare/Pages/default.aspx#האתר של המחלקה בעברית
revaha:6f44c3a9b70bb8dce76ba4570a3469106aa67ded,https://lehavim.muni.il/%D7%94%D7%9E%D7%97%D7%9C%D7%A7%D7%94-%D7%9C%D7%A9%D7%99%D7%A8%D7%95%D7%AA%D7%99%D7%9D-%D7%97%D7%91%D7%A8%D7%AA%D7%99%D7%99%D7%9D/#האתר של המחלקה בעברית
revaha:d300ea384acdcc90e39c77601c1238170d325a4e,"https://www.laqye.muni.il/ar/75/#האתר של המחלקה בערבית
https://www.laqye.muni.il/he/75/#האתר של המחלקה בעברית"
revaha:79ca0e93c09f15923d90ecb0ded104c412ce120a,https://bns.org.il/%D7%A9%D7%99%D7%A8%D7%95%D7%AA%D7%99%D7%9D-%D7%97%D7%91%D7%A8%D7%AA%D7%99%D7%99%D7%9D/#האתר של המחלקה בעברית
revaha:a1c90a46d38897d28420ede06d25f15ee63a6160,https://eshkol.info/%D7%A9%D7%99%D7%A8%D7%95%D7%AA%D7%99%D7%9D-%D7%97%D7%91%D7%A8%D7%AA%D7%99%D7%99%D7%9D/#האתר של המחלקה בעברית
revaha:e9ffde52522787df1149a31116422e837faaf3f3,https://www.hof-ashkelon.org.il/70/#האתר של המחלקה בעברית
revaha:1cbac7cfdfa70def746c5ed692a16ddcaf47910e,https://www.merchavim.org.il/%D7%A9%D7%A8%D7%95%D7%AA%D7%99%D7%9D-%D7%97%D7%91%D7%A8%D7%AA%D7%99%D7%99%D7%9D/#האתר של המחלקה בעברית
revaha:bec6b725cdb155a38ed05a57428af7d1491756cd,https://www.sdotnegev.org.il/75/#האתר של המחלקה בעברית
revaha:f0b41577f42b3872e04cb50113eb96cc39a2f787,"https://www.huranet.org/Arabic/Departments/Lists/List/DispForm.aspx?ID=7&ContentTypeId=0x010047BC19DFB1EA8E4DB0E6D37C3E74418B#האתר של המחלקה בערבית
https://www.huranet.org/Departments/Lists/List/CustomDispForm.aspx?ID=7#האתר של המחלקה בעברית"
revaha:348a48515b6ba71ab11485bc3f02c4d25fcb14bf,https://www.jerusalem.muni.il/he/residents/welfare/welfareoffices/?office=11497#האתר של המחלקה בעברית
revaha:0531d0f974e9d21d611a905f628a5b4634c11110,https://www.rng.org.il/29-05-2019-%D7%A9%D7%99%D7%A8%D7%95%D7%AA%D7%99%D7%9D-%D7%97%D7%91%D7%A8%D7%AA%D7%99%D7%99%D7%9D/#האתר של המחלקה בעברית
revaha:e73da2b742fc9fed71b55e85e40207103da897a8,https://www.sng.org.il/275/#האתר של המחלקה בעברית
revaha:7a851dae735b75fa902113c6ca49cd29352b2e18,https://www.ma-tamar.org.il/%D7%A9%D7%99%D7%A8%D7%95%D7%AA%D7%99%D7%9D-%D7%97%D7%91%D7%A8%D7%AA%D7%99%D7%99%D7%9D/#האתר של המחלקה בעברית
revaha:04a39b4bad43f797732ee9778493f696c4053684,https://www.eilot.org.il/social/#האתר של המחלקה בעברית
revaha:b1bfe8dfcd02e285a7674dc3cc9a119c0379a554,https://www.arava.co.il/45/#האתר של המחלקה בעברית
revaha:701b47c3d622b3f172b986b6b00a5dda68f8dce5,"https://rahat-muni.com/%d9%82%d8%b3%d9%85-%d8%a7%d9%84%d8%ae%d8%af%d9%85%d8%a7%d8%aa-%d8%a7%d9%84%d8%a7%d8%ac%d8%aa%d9%85%d8%a7%d8%b9%d9%8a%d9%87/#האתר של המחלקה בערבית
https://rahat-muni.com/%d9%82%d8%b3%d9%85-%d8%a7%d9%84%d8%ae%d8%af%d9%85%d8%a7%d8%aa-%d8%a7%d9%84%d8%a7%d8%ac%d8%aa%d9%85%d8%a7%d8%b9%d9%8a%d9%87/?lang=he#האתר של המחלקה בעברית"
revaha:5f930ba9f86fad2b2425285ac77211de0312d50b,"https://tel-sheva.muni.il/%d9%82%d8%b3%d9%85-%d8%a7%d9%84%d8%ae%d8%af%d9%85%d8%a7%d8%aa-%d8%a7%d9%84%d8%a7%d8%ac%d8%aa%d9%85%d8%a7%d8%b9%d9%8a%d8%a9/#האתר של המחלקה בערבית
https://tel-sheva.muni.il/%D7%9E%D7%97%D7%9C%D7%A7%D7%AA-%D7%A8%D7%95%D7%95%D7%97%D7%94/?lang=he#האתר של המחלקה בעברית"
revaha:e763bb51b061e2ea5ea6a113c1a21aece837edd0,"https://www.arara-banegev.muni.il/Arabic/Departments/Lists/List/CustomDispForm.aspx?ID=18&ContentTypeId=0x01004C565C0BA789C94792FC1A8171434BA3#האתר של המחלקה בערבית
https://www.arara-banegev.muni.il/Departments/Lists/List/CustomDispForm.aspx?ID=18#האתר של המחלקה בעברית"
revaha:83325dc153287bfde466031844392acc32bb8b86,https://www.jerusalem.muni.il/he/residents/welfare/welfareoffices/?office=11503#האתר של המחלקה בעברית
revaha:66daf17d6222c47dd33952d6727ae3052e408122,"https://www.segev-shalom.muni.il/Arabic/Departments/Lists/List/CustomDispForm.aspx?ID=12&ContentTypeId=0x01009325B2C4D2FFF84CA6C2CA2D6CDBA4BE#האתר של המחלקה בערבית
https://www.segev-shalom.muni.il/Departments/Lists/List/CustomDispForm.aspx?ID=12#האתר של המחלקה בעברית"
revaha:4f28535f38956faf5562075381615b1217383946,"https://www.kuseife.muni.il/arabic/departments/Lists/List/CustomDispForm.aspx?ID=17&ContentTypeId=0x0100FAB7AF656292264AABFF78BAC29DF84F#האתר של המחלקה בערבית
https://www.kuseife.muni.il/departments/Lists/departments/CustomDispForm.aspx?ID=17#האתר של המחלקה בעברית"
revaha:6e18516d699f64e771419e059527e13aa0d4f082,"https://www.alqasoum.org.il/ar/%D7%A9%D7%99%D7%A8%D7%95%D7%AA%D7%99%D7%9D-%D7%97%D7%91%D7%A8%D7%AA%D7%99%D7%99%D7%9D/#האתר של המחלקה בערבית
https://www.alqasoum.org.il/he/89/#האתר של המחלקה בעברית"
revaha:fed65dcf470c115da9afbcdc024d2efaecf68dfd,https://www.nevemidbar.org.il/departments/welfare/#האתר של המחלקה בעברית
revaha:ca63ce473075c9dd445b8f64d4843d35a1b97619,https://www.ashkelon.muni.il/city/units/Lists/List/CustomDispForm.aspx?ID=69#האתר של המחלקה בעברית
revaha:50009ed0f2ea4e7e3dc252301e917ccf40e35018,"https://www.jerusalem.muni.il/ar/residents/welfare/#האתר של המחלקה בערבית
https://www.jerusalem.muni.il/he/residents/welfare/welfareoffices/##האתר של המחלקה בעברית"
revaha:8e13af4d42ada10ed37e9c63bcfa256d5e47803b,"https://www.jerusalem.muni.il/ar/residents/welfare/welfareoffices/?office=13786#האתר של המחלקה בערבית
https://www.jerusalem.muni.il/he/residents/welfare/welfareoffices/?office=209922#האתר של המחלקה בעברית"
revaha:d80b7d4a9a6030eb693b9ba7adfc67f8d805ab37,"https://www.jerusalem.muni.il/ar/residents/welfare/welfareoffices/?office=13787#האתר של המחלקה בערבית
https://www.jerusalem.muni.il/he/residents/welfare/welfareoffices/?office=11375#האתר של המחלקה בעברית"
revaha:857b0ffb547b923a623df436dce9c7060a523ce9,"https://www.jerusalem.muni.il/ar/residents/welfare/welfareoffices/?office=13797#האתר של המחלקה בערבית
https://www.jerusalem.muni.il/he/residents/welfare/welfareoffices/?office=11504#האתר של המחלקה בעברית"
revaha:394796fbe7a27533663e08af966c5c22f5319f0d,"https://www.jerusalem.muni.il/ar/residents/welfare/welfareoffices/?office=13792#האתר של המחלקה בערבית
https://www.jerusalem.muni.il/he/residents/welfare/welfareoffices/?office=11382#האתר של המחלקה בעברית"
revaha:3d64a394eb2ae03c0d3b4564f59d22768e20f6d6,"https://www.jerusalem.muni.il/ar/residents/welfare/welfareoffices/?office=13779#האתר של המחלקה בערבית
https://www.jerusalem.muni.il/he/residents/welfare/welfareoffices/?office=209916#האתר של המחלקה בעברית"
revaha:2cfca21a8c6cfe620c915b95e3a0ef9a15dca3dc,"https://www.jerusalem.muni.il/ar/residents/welfare/welfareoffices/?office=13781#האתר של המחלקה בערבית
https://www.jerusalem.muni.il/he/residents/welfare/welfareoffices/?office=11518#האתר של המחלקה בעברית"
revaha:47abb3db8382998edbdef6b3b86b0b57ca941f39,"https://www.jerusalem.muni.il/ar/residents/welfare/welfareoffices/?office=13781#האתר של המחלקה בערבית
https://www.jerusalem.muni.il/he/residents/welfare/welfareoffices/?office=11518#האתר של המחלקה בעברית"
revaha:b4f608bd5f32d8f5dc02b18d947762c083af1efb,"https://www.jerusalem.muni.il/ar/residents/welfare/welfareoffices/?office=13788#האתר של המחלקה בערבית
https://www.jerusalem.muni.il/he/residents/welfare/welfareoffices/?office=11376#האתר של המחלקה בעברית"
revaha:b3418385f59ee058eda7bd53786d9a2956951631,"https://www.jerusalem.muni.il/ar/residents/welfare/welfareoffices/?office=13800#האתר של המחלקה בערבית
https://www.jerusalem.muni.il/he/residents/welfare/welfareoffices/?office=11511#האתר של המחלקה בעברית"
revaha:ea5d46ed84beafd2fad1b1c13baaa2a1ff564f80,"https://www.jerusalem.muni.il/ar/residents/welfare/welfareoffices/?office=13799#האתר של המחלקה בערבית
https://www.jerusalem.muni.il/he/residents/welfare/welfareoffices/?office=11509#האתר של המחלקה בעברית"
revaha:68ec5b03059cd7b365803adffbda90a7ed8dbe9b,"https://www.jerusalem.muni.il/ar/residents/welfare/welfareoffices/?office=13789#האתר של המחלקה בערבית
https://www.jerusalem.muni.il/he/residents/welfare/welfareoffices/?office=11377#האתר של המחלקה בעברית"
revaha:f5fe4f6742fdf89231bc9329b42d151223b5c9f9,"https://www.jerusalem.muni.il/ar/residents/welfare/welfareoffices/?office=13785#האתר של המחלקה בערבית
https://www.jerusalem.muni.il/he/residents/welfare/welfareoffices/?office=209921#האתר של המחלקה בעברית"
revaha:89ece315e77d12df985bff64b0ca2ef8cd0b5cf1,"https://www.jerusalem.muni.il/ar/residents/welfare/welfareoffices/?office=13793#האתר של המחלקה בערבית
https://www.jerusalem.muni.il/he/residents/welfare/welfareoffices/?office=11383#האתר של המחלקה בעברית"
revaha:b035be0339c38da966e4e452f9d50a23d0dd0a34,"https://www.jerusalem.muni.il/ar/residents/welfare/welfareoffices/?office=13805#האתר של המחלקה בערבית
https://www.jerusalem.muni.il/he/residents/welfare/welfareoffices/?office=11522#האתר של המחלקה בעברית"
revaha:53da102259031a5ed6dcd7e64e55b323010861ab,"https://www.jerusalem.muni.il/ar/residents/welfare/welfareoffices/?office=13795#האתר של המחלקה בערבית
https://www.jerusalem.muni.il/he/residents/welfare/welfareoffices/?office=11500#האתר של המחלקה בעברית"
revaha:8f71459123b406db0bfce571c3f862678d9f676d,"https://www.jerusalem.muni.il/ar/residents/welfare/welfareoffices/?office=13790#האתר של המחלקה בערבית
https://www.jerusalem.muni.il/he/residents/welfare/welfareoffices/?office=11378#האתר של המחלקה בעברית"
revaha:647300128dd8ce207e0ab05103c3caf94be28e07,"https://www.jerusalem.muni.il/ar/residents/welfare/welfareoffices/?office=13791#האתר של המחלקה בערבית
https://www.jerusalem.muni.il/he/residents/welfare/welfareoffices/?office=11380#האתר של המחלקה בעברית"
revaha:c9b40ed1d91c7d1d2cb43df597a53898e1b9795a,"https://www.jerusalem.muni.il/ar/residents/welfare/welfareoffices/?office=13802#האתר של המחלקה בערבית
https://www.jerusalem.muni.il/he/residents/welfare/welfareoffices/?office=11515#האתר של המחלקה בעברית"
revaha:8f27eef3d153803a5f14c3868ed5992c0ac49b93,"https://www.jerusalem.muni.il/ar/residents/welfare/welfareoffices/?office=201280#האתר של המחלקה בערבית
https://www.jerusalem.muni.il/he/residents/welfare/welfareoffices/?office=11368#האתר של המחלקה בעברית"
revaha:a01f7b569e58686218c731a3c4085d28cf6b6c17,"https://www.jerusalem.muni.il/ar/residents/welfare/welfareoffices/?office=13782#האתר של המחלקה בערבית
https://www.jerusalem.muni.il/he/residents/welfare/welfareoffices/?office=11056#האתר של המחלקה בעברית"
revaha:e7bb40b72a8504d98bc08de6f1d6d22643a07939,"https://www.jerusalem.muni.il/ar/residents/welfare/welfareoffices/?office=201300#האתר של המחלקה בערבית
https://www.jerusalem.muni.il/he/residents/welfare/welfareoffices/?office=11516#האתר של המחלקה בעברית"
revaha:cf4fdab31939960d9742ac68a63bb63d6f1c853c,
revaha:5ee1df2cdb0a08bb4433bff6e4cf49fecc277aa7,
revaha:2fb807a627e15733b7e3dc02131efbcf27c5d1f5,"https://www.jerusalem.muni.il/ar/residents/welfare/welfareoffices/?office=13784#האתר של המחלקה בערבית
https://www.jerusalem.muni.il/he/residents/welfare/welfareoffices/?office=11368#האתר של המחלקה בעברית"
revaha:cb163e53bffbb5e583708b2b12ad2686abea2e21,https://www.ashdod.muni.il/he-il/%D7%90%D7%AA%D7%A8-%D7%94%D7%A2%D7%99%D7%A8/%D7%A9%D7%99%D7%A8%D7%95%D7%AA%D7%99%D7%9D-%D7%97%D7%91%D7%A8%D7%AA%D7%99%D7%99%D7%9D/%D7%9E%D7%99%D7%93%D7%A2-%D7%9B%D7%9C%D7%9C%D7%99/#האתר של המחלקה בעברית
revaha:87e56067b49e537b58d41f47ad713e7fae3bf612,https://www.ashdod.muni.il/he-il/%D7%90%D7%AA%D7%A8-%D7%94%D7%A2%D7%99%D7%A8/%D7%A9%D7%99%D7%A8%D7%95%D7%AA%D7%99%D7%9D-%D7%97%D7%91%D7%A8%D7%AA%D7%99%D7%99%D7%9D/%D7%A8%D7%95%D7%95%D7%97%D7%AA-%D7%94%D7%90%D7%96%D7%A8%D7%97-%D7%94%D7%95%D7%95%D7%AA%D7%99%D7%A7/%D7%A8%D7%95%D7%95%D7%97%D7%94/%D7%9E%D7%A8%D7%9B%D7%96%D7%99-%D7%94%D7%A9%D7%99%D7%A8%D7%95%D7%AA%D7%99%D7%9D-%D7%94%D7%97%D7%91%D7%A8%D7%AA%D7%99%D7%99%D7%9D-%D7%9C%D7%A4%D7%99-%D7%90%D7%96%D7%95%D7%A8%D7%99-%D7%94%D7%A2%D7%99%D7%A8/#האתר של המחלקה בעברית
revaha:34b36799e65ea74baa6f8384c59ec0b7448bd2af,https://www.ashdod.muni.il/he-il/%D7%90%D7%AA%D7%A8-%D7%94%D7%A2%D7%99%D7%A8/%D7%A9%D7%99%D7%A8%D7%95%D7%AA%D7%99%D7%9D-%D7%97%D7%91%D7%A8%D7%AA%D7%99%D7%99%D7%9D/%D7%A8%D7%95%D7%95%D7%97%D7%AA-%D7%94%D7%90%D7%96%D7%A8%D7%97-%D7%94%D7%95%D7%95%D7%AA%D7%99%D7%A7/%D7%A8%D7%95%D7%95%D7%97%D7%94/%D7%9E%D7%A8%D7%9B%D7%96%D7%99-%D7%94%D7%A9%D7%99%D7%A8%D7%95%D7%AA%D7%99%D7%9D-%D7%94%D7%97%D7%91%D7%A8%D7%AA%D7%99%D7%99%D7%9D-%D7%9C%D7%A4%D7%99-%D7%90%D7%96%D7%95%D7%A8%D7%99-%D7%94%D7%A2%D7%99%D7%A8/#האתר של המחלקה בעברית
revaha:e3d511f38449268d7602377c0af3ff797935d2a2,https://www.ashdod.muni.il/he-il/%D7%90%D7%AA%D7%A8-%D7%94%D7%A2%D7%99%D7%A8/%D7%A9%D7%99%D7%A8%D7%95%D7%AA%D7%99%D7%9D-%D7%97%D7%91%D7%A8%D7%AA%D7%99%D7%99%D7%9D/%D7%A8%D7%95%D7%95%D7%97%D7%AA-%D7%94%D7%90%D7%96%D7%A8%D7%97-%D7%94%D7%95%D7%95%D7%AA%D7%99%D7%A7/%D7%A8%D7%95%D7%95%D7%97%D7%94/%D7%9E%D7%A8%D7%9B%D7%96%D7%99-%D7%94%D7%A9%D7%99%D7%A8%D7%95%D7%AA%D7%99%D7%9D-%D7%94%D7%97%D7%91%D7%A8%D7%AA%D7%99%D7%99%D7%9D-%D7%9C%D7%A4%D7%99-%D7%90%D7%96%D7%95%D7%A8%D7%99-%D7%94%D7%A2%D7%99%D7%A8/#האתר של המחלקה בעברית
revaha:9f3b25acf4c3ef045c6de464db8c0aaa3b09cb09,https://www.ashdod.muni.il/he-il/%D7%90%D7%AA%D7%A8-%D7%94%D7%A2%D7%99%D7%A8/%D7%A9%D7%99%D7%A8%D7%95%D7%AA%D7%99%D7%9D-%D7%97%D7%91%D7%A8%D7%AA%D7%99%D7%99%D7%9D/%D7%A8%D7%95%D7%95%D7%97%D7%AA-%D7%94%D7%90%D7%96%D7%A8%D7%97-%D7%94%D7%95%D7%95%D7%AA%D7%99%D7%A7/%D7%A8%D7%95%D7%95%D7%97%D7%94/%D7%9E%D7%A8%D7%9B%D7%96%D7%99-%D7%94%D7%A9%D7%99%D7%A8%D7%95%D7%AA%D7%99%D7%9D-%D7%94%D7%97%D7%91%D7%A8%D7%AA%D7%99%D7%99%D7%9D-%D7%9C%D7%A4%D7%99-%D7%90%D7%96%D7%95%D7%A8%D7%99-%D7%94%D7%A2%D7%99%D7%A8/#האתר של המחלקה בעברית
revaha:5e69a9ba6147797e100567451ae389d78a39da7d,https://www.ashdod.muni.il/he-il/%D7%90%D7%AA%D7%A8-%D7%94%D7%A2%D7%99%D7%A8/%D7%A9%D7%99%D7%A8%D7%95%D7%AA%D7%99%D7%9D-%D7%97%D7%91%D7%A8%D7%AA%D7%99%D7%99%D7%9D/%D7%A8%D7%95%D7%95%D7%97%D7%AA-%D7%94%D7%90%D7%96%D7%A8%D7%97-%D7%94%D7%95%D7%95%D7%AA%D7%99%D7%A7/%D7%A8%D7%95%D7%95%D7%97%D7%94/%D7%9E%D7%A8%D7%9B%D7%96%D7%99-%D7%94%D7%A9%D7%99%D7%A8%D7%95%D7%AA%D7%99%D7%9D-%D7%94%D7%97%D7%91%D7%A8%D7%AA%D7%99%D7%99%D7%9D-%D7%9C%D7%A4%D7%99-%D7%90%D7%96%D7%95%D7%A8%D7%99-%D7%94%D7%A2%D7%99%D7%A8/#האתר של המחלקה בעברית
revaha:0fad20f350a32592ebd8fee57ef50bad6203daf0,https://www.betshemesh.muni.il/100079/#האתר של המחלקה בעברית
revaha:428ef8f11b6d05362f4005e8c7ed99903ab468aa,https://kiryatyearim.muni.il/%D7%A9%D7%99%D7%A8%D7%95%D7%AA%D7%99%D7%9D-%D7%97%D7%91%D7%A8%D7%AA%D7%99%D7%99%D7%9D/#האתר של המחלקה בעברית
revaha:7971bffc7578a9d960e9dab9492c3acb64aecd44,http://www.m-zion.org.il/RichText/GeneralPage.aspx?nodeId=966#האתר של המחלקה בעברית
revaha:e6a57f51b3cafe1c5eedf95642d42e9b901e862c,https://www.har-adar.muni.il/85/#האתר של המחלקה בעברית
revaha:89dd5093a61f3a371b9faf8d6cd339d2a4753366,https://k-m.org.il/14-08-2019-%D7%A9%D7%99%D7%A8%D7%95%D7%AA%D7%99%D7%9D-%D7%97%D7%91%D7%A8%D7%AA%D7%99%D7%99%D7%9D/#האתר של המחלקה בעברית
revaha:9e95d71ef25d7412856eb41571673ac17269de2c,https://kiryat4.org.il/%D7%94%D7%9E%D7%97%D7%9C%D7%A7%D7%94-%D7%9C%D7%A9%D7%99%D7%A8%D7%95%D7%AA%D7%99%D7%9D-%D7%97%D7%91%D7%A8%D7%AA%D7%99%D7%99%D7%9D/#האתר של המחלקה בעברית
revaha:9949bd85e3b93a2a60fd9bbae5a1b1935afb654c,
revaha:6e51e6dc9ec8b273212c903d96c71c0e4aa3b8b9,https://www.bet-el.info/%D7%9E%D7%97%D7%9C%D7%A7%D7%95%D7%AA-%D7%94%D7%9E%D7%95%D7%A2%D7%A6%D7%94/%D7%A8%D7%95%D7%95%D7%97%D7%94/#האתר של המחלקה בעברית
revaha:31fe70a4774accaea47216d20b064117adac2272,https://www.maaleefraim.co.il/%D7%9E%D7%97%D7%9C%D7%A7%D7%95%D7%AA-%D7%94%D7%9E%D7%95%D7%A2%D7%A6%D7%94/%D7%94%D7%9E%D7%97%D7%9C%D7%A7%D7%94-%D7%9C%D7%A9%D7%99%D7%A8%D7%95%D7%AA%D7%99%D7%9D-%D7%97%D7%91%D7%A8%D7%AA%D7%99%D7%99%D7%9D/#האתר של המחלקה בעברית
revaha:2e1b23b3fca01e959a24893460d45e4ed06cfaf1,https://www.maale-adummim.muni.il/%D7%A8%D7%95%D7%95%D7%97%D7%94/#האתר של המחלקה בעברית
revaha:c8cf3dc0e590674dd23b0e1148b22142e99818f8,https://www.efrat.muni.il/he/0-1595481428-%D7%A9%D7%99%D7%A8%D7%95%D7%AA%D7%99%D7%9D-%D7%97%D7%91%D7%A8%D7%AA%D7%99%D7%99%D7%9D/#האתר של המחלקה בעברית
revaha:7190bdaceaeac5ac4d234f9bdf17aac7559392c6,https://www.givat-zeev.muni.il/232/#האתר של המחלקה בעברית
revaha:581feb0d45a17b5185b344337207fccad74f8d6e,https://www.betar-illit.muni.il/146/#האתר של המחלקה בעברית
revaha:849c29af0d0e38ee1999ff37ad223adb19b24c9c,https://www.modil.org.il/%D7%A8%D7%95%D7%95%D7%97%D7%94/#האתר של המחלקה בעברית
revaha:bf74e56acf341dc346be5c68f6727e2e7689654a,https://www.hrhevron.co.il/%D7%A8%D7%95%D7%95%D7%97%D7%94/#האתר של המחלקה בעברית
revaha:f09149f1e941e8688d01a90b027839cabd715c6d,https://www.m-yehuda.org.il/%D7%90%D7%92%D7%A3-%D7%A8%D7%95%D7%95%D7%97%D7%94-%D7%95%D7%A9%D7%99%D7%A8%D7%95%D7%AA%D7%99%D7%9D-%D7%97%D7%91%D7%A8%D7%AA%D7%99%D7%99%D7%9D/#האתר של המחלקה בעברית
revaha:74b77a89cd19e1e3940b2fafa7aabc0e4468a92b,https://www.yoav.org.il/objDoc.asp?PID=474554&OID=477647#האתר של המחלקה בעברית
revaha:85a2cdd0c97256316208f464f653280bc2ab2fcb,https://lachish.org.il/%D7%9E%D7%97%D7%9C%D7%A7%D7%95%D7%AA-%D7%94%D7%9E%D7%95%D7%A2%D7%A6%D7%94/%D7%94%D7%9E%D7%97%D7%9C%D7%A7%D7%94-%D7%9C%D7%A9%D7%99%D7%A8%D7%95%D7%AA%D7%99%D7%9D-%D7%97%D7%91%D7%A8%D7%AA%D7%99%D7%99%D7%9D/#האתר של המחלקה בעברית
revaha:7c60e86ebc11d7cc07846b7594a4e6ded009f228,https://beer-tuvia.org.il/%D7%A9%D7%99%D7%A8%D7%95%D7%AA%D7%99%D7%9D-%D7%97%D7%91%D7%A8%D7%AA%D7%99%D7%99%D7%9D/#האתר של המחלקה בעברית
revaha:4df8c75879e79196b955079bc1befca428a09707,https://www.shaffir.org.il/%D7%94%D7%9E%D7%97%D7%9C%D7%A7%D7%94-%D7%9C%D7%A9%D7%99%D7%A8%D7%95%D7%AA%D7%99%D7%9D-%D7%97%D7%91%D7%A8%D7%AA%D7%99%D7%99%D7%9D/#האתר של המחלקה בעברית
revaha:2ec6cdf05b8595c74698ae4ffcf7ee0c6188aaf1,https://binyamin.org.il/451/#האתר של המחלקה בעברית
revaha:3d7dc47273c3e893664731efce8ea51a7d899d9d,https://www.rishonlezion.muni.il/Residents/Social/IndividualFamily/Pages/default.aspx#האתר של המחלקה בעברית
revaha:e9351149586332fe477c76ca2db1ced7e3cd5c78,https://www.baitisraeli.co.il/%D7%94%D7%90%D7%92%D7%A3-%D7%9C%D7%A9%D7%A8%D7%95%D7%AA%D7%99%D7%9D-%D7%97%D7%91%D7%A8%D7%AA%D7%99%D7%99%D7%9D/#האתר של המחלקה בעברית
revaha:ef7bd3fd04b8fe2450548877c6a25c7a6fc587c6,https://www.jordanvalley.org.il/page_49414#האתר של המחלקה בעברית
revaha:2e3a1deb674e13c9500ed03b9e57a33c486d070a,https://www.dead-sea.org.il/%D7%9E%D7%97%D7%9C%D7%A7%D7%95%D7%AA/%D7%A9%D7%99%D7%A8%D7%95%D7%AA%D7%99%D7%9D-%D7%97%D7%91%D7%A8%D7%AA%D7%99%D7%99%D7%9D/#האתר של המחלקה בעברית
revaha:15eed27caa4c1cc386219fbb30e88f4757adb7bd,http://abugosh.muni.il/%d7%94%d7%9e%d7%97%d7%9c%d7%a7%d7%94-%d7%9c%d7%a9%d7%99%d7%a8%d7%95%d7%aa%d7%99%d7%9d-%d7%97%d7%91%d7%a8%d7%aa%d7%99%d7%99%d7%9d-%d7%90%d7%91%d7%95-%d7%92%d7%95%d7%a9/#האתר של המחלקה בעברית
revaha:b8b959390989159cc959c9bc212d287b3643fda8,https://www.bnei-brak.muni.il/city/Lists/List3/CustomDispForm.aspx?ID=115#האתר של המחלקה בעברית
revaha:59ada16361568a1fe6816c3c360ee1632633f7a6,https://www.bnei-brak.muni.il/city/Lists/List3/CustomDispForm.aspx?ID=115#האתר של המחלקה בעברית
revaha:0711a9ff22b3f3e7565048819c7667ae7018ae27,https://www.bnei-brak.muni.il/city/Lists/List3/CustomDispForm.aspx?ID=115#האתר של המחלקה בעברית
revaha:94cc0776ab7469f4d56cb11181f55a913e321ff4,https://www.bnei-brak.muni.il/city/Lists/List3/CustomDispForm.aspx?ID=115#האתר של המחלקה בעברית
revaha:0e5080772a59416994723b154a0226c030d3d382,https://www.bat-yam.muni.il/%D7%94%D7%90%D7%92%D7%A3_%D7%9C%D7%A9%D7%99%D7%A8%D7%95%D7%AA%D7%99%D7%9D_%D7%97%D7%91%D7%A8%D7%AA%D7%99%D7%99%D7%9D#האתר של המחלקה בעברית
revaha:02294511bb5ed6ccb93c8b7cbf16cbc95a36efe5,https://www.givatayim.muni.il/413/#האתר של המחלקה בעברית
revaha:d74d84f5c0d2548062e1f8ae9563a945c3c71a3d,https://www.herzliya.muni.il/revacha/#האתר של המחלקה בעברית
revaha:21f2a975079ae2138c1668b4fc50c592786d16a2,https://www.holon.muni.il/CityHall/Lists/List6/CustomDispForm.aspx?ID=70#האתר של המחלקה בעברית
revaha:b6b5d4f50ca4d504a0b5b5baea0b2f864a1742da,https://www.holon.muni.il/CityHall/Lists/List6/CustomDispForm.aspx?ID=70#האתר של המחלקה בעברית
revaha:555eaf2af4e59de8181ed05b661babefe59c77d5,https://www.kfar-saba.muni.il/1330/#האתר של המחלקה בעברית
revaha:b1278c00639d41b55ae65e918567ad07c4bc28fc,https://www.kfar-saba.muni.il/1330/#האתר של המחלקה בעברית
revaha:1a36abd1d8cb00672c2c47c838452ac707d7b18f,https://www.kfar-saba.muni.il/%D7%94%D7%90%D7%92%D7%A3-%D7%9C%D7%A9%D7%99%D7%A8%D7%95%D7%AA%D7%99%D7%9D-%D7%97%D7%91%D7%A8%D7%AA%D7%99%D7%99%D7%9D-%D7%A7%D7%94%D7%99%D7%9C%D7%AA%D7%99%D7%99%D7%9D-%D7%99%D7%A6%D7%99%D7%A8%D7%AA-%D7%A7%D7%A9%D7%A8/#האתר של המחלקה בעברית
revaha:38d9c915bc56e9db19d7939150e2a97f378ffd6a,"https://www.lod.muni.il/ar_ar/%d9%85%d9%88%d9%82%d8%b9-%d8%a7%d9%84%d9%85%d8%af%d9%8a%d9%86%d8%a9/%d7%a9%d7%99%d7%a8%d7%95%d7%aa%d7%99%d7%9d-%d7%97%d7%91%d7%a8%d7%aa%d7%99%d7%99%d7%9d/%d8%a7%d9%84%d8%b1%d9%81%d8%a7%d9%87-%d8%a7%d9%84%d8%af%d9%85%d8%ac-%d8%a7%d9%84%d8%a7%d8%ac%d8%aa%d9%85%d8%a7%d8%b9%d9%8a/%d8%ad%d9%88%d9%84-%d9%82%d8%b3%d9%85-%d8%a7%d9%84%d8%af%d9%85%d8%ac-%d8%a7%d9%84%d8%a7%d8%ac%d8%aa%d9%85%d8%a7%d8%b9%d9%8a/#האתר של המחלקה בערבית
https://www.lod.muni.il/he-il/%D7%90%D7%AA%D7%A8-%D7%94%D7%A2%D7%99%D7%A8/%D7%A9%D7%99%D7%A8%D7%95%D7%AA%D7%99%D7%9D-%D7%97%D7%91%D7%A8%D7%AA%D7%99%D7%99%D7%9D/%D7%A8%D7%95%D7%95%D7%97%D7%94-%D7%A9%D7%99%D7%9C%D7%95%D7%91-%D7%97%D7%91%D7%A8%D7%AA%D7%99/%D7%90%D7%95%D7%93%D7%95%D7%AA-%D7%94%D7%90%D7%92%D7%A3-%D7%9C%D7%A9%D7%99%D7%9C%D7%95%D7%91-%D7%97%D7%91%D7%A8%D7%AA%D7%99/#האתר של המחלקה בעברית"
revaha:89e5b04e2c0f8c04397113257a3bde47bad3fa8d,https://www.netanya.muni.il/Residents/Welfare#האתר של המחלקה בעברית
revaha:6ab5c56ffbbba3c5d776bb04a01aa1cea01112e9,https://www.petah-tikva.muni.il/Municipal/SocialServices/pages/socialservicesd.aspx#האתר של המחלקה בעברית
revaha:52270fb2c828e27c52fa86744e6fe5ed8da73e12,https://www.petah-tikva.muni.il/Municipal/SocialServices/pages/socialservicesd.aspx#האתר של המחלקה בעברית
revaha:3f7daeca11d2346a63bc634f45791ed4814cdc38,https://www.petah-tikva.muni.il/Municipal/SocialServices/pages/socialservicesd.aspx#האתר של המחלקה בעברית
revaha:3b8ee799e0743234d6fac5ca24150cbd2ecd3b16,https://www.petah-tikva.muni.il/Municipal/SocialServices/pages/socialservicesd.aspx#האתר של המחלקה בעברית
revaha:2d3d87a7ab0c7d8477c54e78a253b280b8c24541,https://www.petah-tikva.muni.il/Municipal/SocialServices/pages/socialservicesd.aspx#האתר של המחלקה בעברית
revaha:4c7b6cbbdd2a9e9f17832d8e7c69c0eaeef9d9f8,https://www.petah-tikva.muni.il/Municipal/SocialServices/pages/socialservicesd.aspx#האתר של המחלקה בעברית
revaha:9b9c3ff0c9c3cd2b3f005e1bc2ea6df598028eb9,https://www.rishonlezion.muni.il/Residents/Social/Pages/default.aspx#האתר של המחלקה בעברית
revaha:0475042d8d6f6993715a83305287ecd092d477f9,https://www.rishonlezion.muni.il/Residents/Social/IndividualFamily/Pages/default.aspx#האתר של המחלקה בעברית
revaha:b8521c743589b2bff33c5a0574bc9ca8dbb34e83,https://www.rishonlezion.muni.il/Residents/Social/Pages/default.aspx#האתר של המחלקה בעברית
revaha:9b824783975d3060da5be9701c0d3962dc33a35d,https://www.rishonlezion.muni.il/Residents/Social/Pages/default.aspx#האתר של המחלקה בעברית
revaha:74caf3de7dfc48b45ec8c953db65c2be4b36fad0,https://www.rishonlezion.muni.il/Residents/Social/IndividualFamily/Pages/default.aspx#האתר של המחלקה בעברית
revaha:03073c46ae839759355814754bd030f9ed7cea9e,https://www.rehovot.muni.il/%D7%A9%D7%99%D7%A8%D7%95%D7%AA%D7%99%D7%9D-%D7%97%D7%91%D7%A8%D7%AA%D7%99%D7%99%D7%9D/#האתר של המחלקה בעברית
revaha:67ed3e5d3dbe3c60c8dd9abaab8105a0f0257932,https://www.rehovot.muni.il/%D7%A9%D7%99%D7%A8%D7%95%D7%AA%D7%99%D7%9D-%D7%97%D7%91%D7%A8%D7%AA%D7%99%D7%99%D7%9D/#האתר של המחלקה בעברית
revaha:280f733496f37d9f5291f3b88cfa4ca96fd62189,https://www.rehovot.muni.il/%D7%A9%D7%99%D7%A8%D7%95%D7%AA%D7%99%D7%9D-%D7%97%D7%91%D7%A8%D7%AA%D7%99%D7%99%D7%9D/#האתר של המחלקה בעברית
revaha:b5b6ac3111bcd978941ed61f8cbacebf559cd0ef,"https://ramla-muni-il.translate.goog/Branches/Branches.aspx?nodeId=810&_x_tr_sl=auto&_x_tr_tl=ar&_x_tr_hl=iw#האתר של המחלקה בערבית
https://ramla.muni.il/Branches/Branches.aspx?nodeId=810#האתר של המחלקה בעברית"
revaha:e9961cffd325b6d7c597e586d7e2fdf3fbb99f19,https://www.ramat-gan.muni.il/agapim/hevratim/#האתר של המחלקה בעברית
revaha:f7582f7f150c92e63737dce4b1b26abbffc16940,"https://www.tel-aviv.gov.il/ar/Live/HealthAndSocial/Pages/HealthAndSocial.aspx#האתר של המחלקה בערבית
https://www.tel-aviv.gov.il/Residents/HealthAndSocial/Pages/SocialServices.aspx#האתר של המחלקה בעברית"
revaha:fbec9834ff10b264e4e679bf69af5ebef88ecc9c,https://www.tel-aviv.gov.il/Residents/HealthAndSocial/Pages/SocialServices.aspx#האתר של המחלקה בעברית
revaha:8ed04ac3290a8966ebbd0d0e123d78edbb023f72,https://www.tel-aviv.gov.il/Residents/HealthAndSocial/Pages/SocialServices.aspx#האתר של המחלקה בעברית
revaha:178b355d7d970f2d27676ee9c20e75bc348c7594,https://www.tel-aviv.gov.il/Residents/HealthAndSocial/Pages/SocialServices.aspx#האתר של המחלקה בעברית
revaha:4af22d0dde71804389eddd1d85d016446b9b0896,https://www.tel-aviv.gov.il/Residents/HealthAndSocial/Pages/SocialServices.aspx#האתר של המחלקה בעברית
revaha:7802f231efe96ed6199f685d484499569cfdd4f8,https://www.tel-aviv.gov.il/Residents/HealthAndSocial/Pages/SocialServices.aspx#האתר של המחלקה בעברית
revaha:5a05a98c279d311abd50f022def230cab2139125,https://www.tel-aviv.gov.il/Residents/HealthAndSocial/Pages/SocialServices.aspx#האתר של המחלקה בעברית
revaha:50f1d448850ab35792514bc31f0423a3a7e2dedb,https://www.tel-aviv.gov.il/Residents/HealthAndSocial/Pages/SocialServices.aspx#האתר של המחלקה בעברית
revaha:83a6b3bb3f54545dcd3eed8cdeb7d6113ba1d383,https://www.tel-aviv.gov.il/Residents/HealthAndSocial/Pages/SocialServices.aspx#האתר של המחלקה בעברית
revaha:48a35803bb827e5f9cae3f80513356c4f57fd8fb,https://www.tel-aviv.gov.il/Residents/HealthAndSocial/Pages/SocialServices.aspx#האתר של המחלקה בעברית
revaha:dbbf47dd88220c925cbfe8b4c40d7ce5e4f9deeb,https://www.hod-hasharon.muni.il/%D7%90%D7%92%D7%A3-%D7%94%D7%A8%D7%95%D7%95%D7%97%D7%94-%D7%95%D7%94%D7%A9%D7%99%D7%A8%D7%95%D7%AA%D7%99%D7%9D-%D7%94%D7%97%D7%91%D7%A8%D7%AA%D7%99%D7%99%D7%9D/#האתר של המחלקה בעברית
revaha:2c063887db5e76339e0008315690ad0865954c77,https://www.tel-aviv.gov.il/Residents/HealthAndSocial/Pages/SocialServices.aspx#האתר של המחלקה בעברית
revaha:a0750956160acc551bc424474bdc062f46e0bbb5,https://www.tel-aviv.gov.il/Residents/HealthAndSocial/Pages/SocialServices.aspx#האתר של המחלקה בעברית
revaha:e0cbe84ed6b67bba9b7d7807551ad0606fc98a06,https://www.tel-aviv.gov.il/Residents/HealthAndSocial/Pages/SocialServices.aspx#האתר של המחלקה בעברית
revaha:2c2b9a6c60bcf7bf906e87a237d6951c90fd3eea,https://even-yehuda.muni.il/%D7%A9%D7%99%D7%A8%D7%95%D7%AA%D7%99%D7%9D-%D7%97%D7%91%D7%A8%D7%AA%D7%99%D7%99%D7%9D/#האתר של המחלקה בעברית
revaha:d4920466d1cd6e2291089036e82186bda95dc57b,https://azor.muni.il/department/%D7%9E%D7%97%D7%9C%D7%A7%D7%AA-%D7%A8%D7%95%D7%95%D7%97%D7%94-%D7%95%D7%94%D7%A9%D7%99%D7%A8%D7%95%D7%AA%D7%99%D7%9D-%D7%94%D7%97%D7%91%D7%A8%D7%AA%D7%99%D7%99%D7%9D/#האתר של המחלקה בעברית
revaha:618b48298b8df1ef013251d8f6f55f48468855a8,https://www.kyair.org.il/moaza/Departments/SocialServices/Pages/default.aspx#האתר של המחלקה בעברית
revaha:7cad8cfe03375c2e5768889318b8f5764c1081e3,https://www.b-y.org.il/%D7%A8%D7%95%D7%95%D7%97%D7%94/#האתר של המחלקה בעברית
revaha:789d85f201417603394d0afa905113db6c7c1fd7,https://www.beitdagan.muni.il/InfoForResident/NewRresident/Pages/SocialServices.aspx#האתר של המחלקה בעברית
revaha:d6ea55dd5fae64ce6930ac8cc72fee6663f6c1e0,https://www.givat-shmuel.muni.il/%D7%A9%D7%99%D7%A8%D7%95%D7%AA%D7%99%D7%9D-%D7%97%D7%91%D7%A8%D7%AA%D7%99%D7%99%D7%9D-%D7%A8%D7%95%D7%95%D7%97%D7%94/#האתר של המחלקה בעברית
revaha:f22959aaf48960d8b3171fc53f2e40284d6042ca,http://gedera.muni.il/Branches/Branches.aspx?nodeId=984#האתר של המחלקה בעברית
revaha:28d987a332e8fc92181b62ae4f4fe1c34f699f14,https://www.ganyavne.muni.il/Departments/SocialServices/Pages/SocialServicesPhones.aspx#האתר של המחלקה בעברית
revaha:e4f279cb44e00ee80f6e144b355cda40700154fe,http://yavne.muni.il/html5/?_id=11655&did=1231&G=11645&SM=11655#האתר של המחלקה בעברית
revaha:599f57ecab300e7069803bdc02dbc1eeae328aaf,https://www.yehud-monosson.muni.il/html5/?_id=10697&did=9007&g=10524&sm=10697&title=%E0%E2%F3%20%E4%F9%E9%F8%E5%FA%E9%ED%20%E4%E7%E1%F8%FA%E9%E9%ED#האתר של המחלקה בעברית
revaha:edb1db7bf3828b24f468cd1c8387c2ca00176cff,https://kfar-yona.muni.il/%d7%a1%d7%a4%d7%a8-%d7%98%d7%9c%d7%a4%d7%95%d7%a0%d7%99%d7%9d/?ctc=28940-%D7%90%D7%92%D7%A3+%D7%9C%D7%A9%D7%A8%D7%95%D7%AA%D7%99%D7%9D+%D7%97%D7%91%D7%A8%D7%AA%D7%99%D7%99%D7%9D#האתר של המחלקה בעברית
revaha:bb3101dc8b270e9f2a6ad3edfe73e90f59c18161,https://www.kiryat-ekron.muni.il/%D7%9E%D7%97%D7%9C%D7%A7%D7%AA-%D7%94%D7%A8%D7%95%D7%95%D7%97%D7%94/#האתר של המחלקה בעברית
revaha:eb9394ef053a6cce66f3bd67c2055631cbb3637c,http://www.kfar-shemaryahu.muni.il/?CategoryID=203#האתר של המחלקה בעברית
revaha:d5f0ed1be4da1e978d6aa441deca9245066e7f10,https://www.mazkeret-batya.muni.il/index.php?id=812#האתר של המחלקה בעברית
revaha:fa37ddcef09925bec6e9739360a37be70773ede4,https://www.nzc.org.il/0-1599981479-%D7%A8%D7%95%D7%95%D7%97%D7%94/#האתר של המחלקה בעברית
revaha:4126b58981464ad0cc361206c70cfc7b17a9f719,https://www.pardesia.muni.il/%D7%A9%D7%99%D7%A8%D7%95%D7%AA%D7%99%D7%99%D7%9D-%D7%97%D7%91%D7%A8%D7%AA%D7%99%D7%99%D7%9D/#האתר של המחלקה בעברית
revaha:a3a43b58a9f30cb3b9fdf87aa0076be1b569625f,https://www.kadima-zoran.muni.il/%D7%90%D7%92%D7%A4%D7%99%D7%9D-%D7%95%D7%9E%D7%97%D7%9C%D7%A7%D7%95%D7%AA/%D7%A8%D7%95%D7%95%D7%97%D7%94-%D7%95%D7%A9%D7%99%D7%A8%D7%95%D7%AA%D7%99%D7%9D-%D7%97%D7%91%D7%A8%D7%AA%D7%99%D7%99%D7%9D/#האתר של המחלקה בעברית
revaha:7a6b1b22e075a68169cce5ae8046560ca2d216b8,https://www.kiryatono.muni.il/173/#האתר של המחלקה בעברית
revaha:507f1f403c8ae0d711594b9c9b906a5d347e7560,https://ramat-hasharon.muni.il/%D7%90%D7%92%D7%A4%D7%99%D7%9D-%D7%95%D7%9E%D7%97%D7%9C%D7%A7%D7%95%D7%AA-%D7%91%D7%A2%D7%99%D7%A8%D7%99%D7%99%D7%94/%D7%A8%D7%95%D7%95%D7%97%D7%94-%D7%95%D7%A7%D7%94%D7%99%D7%9C%D7%94/#האתר של המחלקה בעברית
revaha:362d3ae6c43de9db7cbed0b2e22060e84f999cf5,"https://kfar-qasem.muni.il/ar/78/#האתר של המחלקה בערבית
https://kfar-qasem.muni.il/he/78/#האתר של המחלקה בעברית"
revaha:9248d07eec8cfc5dab724e3b89c1475988146939,https://www.modiin.muni.il/modiinwebsite/ChannelArticle.aspx?PageID=38_297#האתר של המחלקה בעברית
revaha:89d31e32b7cc06f8850ec6181266f7aae69458ba,https://www.raanana.muni.il/Lists/List8/CustomDispForm.aspx?ID=137#האתר של המחלקה בעברית
revaha:e90f5be85dec1c064ab934213257ab9434949a07,https://tel-mond.muni.il/%D7%94%D7%9E%D7%97%D7%9C%D7%A7%D7%94-%D7%9C%D7%A9%D7%99%D7%A8%D7%95%D7%AA%D7%99%D7%9D-%D7%97%D7%91%D7%A8%D7%AA%D7%99%D7%99%D7%9D/#האתר של המחלקה בעברית
revaha:ddf490b72e37748eabc50166c5bea1a5f4b7d563,https://www.bney-ayish.muni.il/page.php?type=matClass&id=338&bc=&ht=%D7%9E%D7%97%D7%9C%D7%A7%D7%AA%20%D7%A9%D7%99%D7%A8%D7%95%D7%AA%D7%99%D7%9D%20%D7%97%D7%91%D7%A8%D7%AA%D7%99%D7%99%D7%9D#האתר של המחלקה בעברית
revaha:11077b495836233cf8fc058ac521762259d66c22,https://www.ganeytikva.org.il/%D7%A8%D7%95%D7%95%D7%97%D7%94-%D7%97%D7%91%D7%A8%D7%94-%D7%95%D7%A7%D7%94%D7%99%D7%9C%D7%94/#האתר של המחלקה בעברית
revaha:e0dd088f6f2039d9fbd880f60197ba0405367723,https://www.oryehuda.muni.il/%D7%90%D7%92%D7%A3-%D7%94%D7%A8%D7%95%D7%95%D7%97%D7%94/#האתר של המחלקה בעברית
revaha:55e9941e53ea19c94d44f569198ccc064c7f09fa,https://www.elyakhin.muni.il/muni/Lists/List/CustomDispForm.aspx?ID=8#האתר של המחלקה בעברית
revaha:b9c5bd475d6525e8fb8dcef8bcc6b0495ec36c83,https://www.alfe-menashe.muni.il/%D7%A8%D7%95%D7%95%D7%97%D7%94-%D7%95%D7%A9%D7%99%D7%A8%D7%95%D7%AA%D7%99%D7%9D-%D7%97%D7%91%D7%A8%D7%AA%D7%99%D7%99%D7%9D/#האתר של המחלקה בעברית
revaha:259ed5c91fade07f29866aabc0e5668637f8230a,https://www.beit-arye.co.il/Departments/Pages/SocialServices.aspx#האתר של המחלקה בעברית
revaha:ad789c20de03eb6e0228232307de9d3df7a9e644,https://www.ariel.muni.il/%D7%A8%D7%95%D7%95%D7%97%D7%94-%D7%95%D7%A9%D7%99%D7%A8%D7%95%D7%AA%D7%99%D7%9D-%D7%97%D7%91%D7%A8%D7%AA%D7%99%D7%99%D7%9D/#האתר של המחלקה בעברית
revaha:2ab34e0ae8386e058c872cd148e246a2d44cb550,https://www.emanuel.muni.il/%D7%9E%D7%97%D7%9C%D7%A7%D7%AA-%D7%A8%D7%95%D7%95%D7%97%D7%94/#האתר של המחלקה בעברית
revaha:41c73def7469c5b1eaff9024afbc2e3846c2df81,https://karneishomron.co.il/0-1616330652-%D7%94%D7%9E%D7%97%D7%9C%D7%A7%D7%94-%D7%9C%D7%A9%D7%99%D7%A8%D7%95%D7%AA%D7%99%D7%9D-%D7%97%D7%91%D7%A8%D7%AA%D7%99%D7%99%D7%9D/#האתר של המחלקה בעברית
revaha:e51eac920e4eb23376759168e8a845e726c9f582,https://www.elkana.org.il/page.php?type=matClass&id=1978&m=214&ht=#האתר של המחלקה בעברית
revaha:b719a163d544a727ad6e88545b96e26268174447,https://kedumim.org.il/%D7%94%D7%9E%D7%97%D7%9C%D7%A7-%D7%9C%D7%A9%D7%99%D7%A8%D7%95%D7%AA%D7%99%D7%9D-%D7%97%D7%91%D7%A8%D7%AA%D7%99%D7%99%D7%9D/#האתר של המחלקה בעברית
revaha:fa6d31212a3874f338a7b13ade8889e136f5a628,https://savyon.muni.il/%D7%A9%D7%99%D7%A8%D7%95%D7%AA%D7%99%D7%9D-%D7%97%D7%91%D7%A8%D7%AA%D7%99%D7%99%D7%9D-%D7%A8%D7%95%D7%95%D7%97%D7%94/#האתר של המחלקה בעברית
revaha:7d4dc84ab993115c30e5bba793fef779ca610150,https://www.rosh-haayin.muni.il/page.php?type=matClass&id=30&m=500&ht=#האתר של המחלקה בעברית
revaha:40a977111577e75e30fa2e8e83242efe9473db9a,https://www.brener.org.il/viewpage.asp?pagesCatID=21348&siteName=brener#האתר של המחלקה בעברית
revaha:da2f7dce5e13a29df2838088b1b0bf41bc1966ab,https://www.gderot.muni.il/25/#האתר של המחלקה בעברית
revaha:c4b3df01f47cf730702e12df45cad9889ab75fd4,https://www.gezer-region.muni.il/%D7%A8%D7%95%D7%95%D7%97%D7%94-%D7%95%D7%A9%D7%99%D7%A8%D7%95%D7%AA%D7%99%D7%9D-%D7%97%D7%91%D7%A8%D7%AA%D7%99%D7%99%D7%9D/#האתר של המחלקה בעברית
revaha:9a67a9e91bdd8ec506a893f36424da41fa0eab53,https://www.ganrave.org.il/11/#האתר של המחלקה בעברית
revaha:4e0549a55df7d145bf9508cd2a03782acc75c32b,https://www.qalanmun.com/Departments/Pages/Walfare.aspx#האתר של המחלקה בעברית
revaha:afbfc07110d27a8050796e3673c8d80f14be7e39,https://www.lev-hasharon.com/72/#האתר של המחלקה בעברית
revaha:7a6743734359611367aec00a28797864fba7e8bf,https://www.elad.muni.il/Departments/pages/welfare.aspx#האתר של המחלקה בעברית
revaha:62ff72bb2e5371ac04423232ea6ec049a215f8ea,https://www.dsharon.org.il/%D7%A9%D7%99%D7%A8%D7%95%D7%AA%D7%99%D7%9D-%D7%97%D7%91%D7%A8%D7%AA%D7%99%D7%99%D7%9D/#האתר של המחלקה בעברית
revaha:2361613826c8a5569bd5f89f27bfd844ec39e852,https://www.hevel-yavne.org.il/04-07-2019-%D7%A9%D7%99%D7%A8%D7%95%D7%AA%D7%99%D7%9D-%D7%97%D7%91%D7%A8%D7%AA%D7%99%D7%99%D7%9D/#האתר של המחלקה בעברית
revaha:66e20e9b62910d3cb43b68572b17db9c84981cd7,https://hof-hasharon.co.il/0-1623831271-%D7%A8%D7%95%D7%95%D7%97%D7%94-%D7%A9%D7%99%D7%A8%D7%95%D7%AA%D7%99%D7%9D-%D7%97%D7%91%D7%A8%D7%AA%D7%99%D7%99%D7%9D/#האתר של המחלקה בעברית
revaha:bbe2b11ca9b85d50bb8ea860569d8aa71b901ae0,https://www.modiin-region.muni.il/%D7%90%D7%92%D7%A3-%D7%A7%D7%94%D7%99%D7%9C%D7%94-%D7%95%D7%A8%D7%95%D7%95%D7%97%D7%94/#האתר של המחלקה בעברית
revaha:e782dcc080202f6d7e03b81fa60f362ce1738057,https://www.ma-soreq.org.il/%D7%9E%D7%97%D7%9C%D7%A7%D7%95%D7%AA-%D7%94%D7%9E%D7%95%D7%A2%D7%A6%D7%94/%D7%94%D7%A9%D7%99%D7%A8%D7%95%D7%AA%D7%99%D7%9D-%D7%94%D7%97%D7%91%D7%A8%D7%AA%D7%99%D7%99%D7%9D/#האתר של המחלקה בעברית
revaha:491df5a15995dacdeb4bea07bba95e317b9679f1,https://www.hefer.org.il/revaha#האתר של המחלקה בעברית
revaha:dad493b30ff56b778c45d74765d75f3cc0cf487b,https://www.sdan.org.il/33/#האתר של המחלקה בעברית
revaha:05d55c4cb6203e57e1e2b418a24998b5b6ecd88c,https://www.shomron.org.il/%D7%90%D7%92%D7%A3-%D7%A9%D7%99%D7%A8%D7%95%D7%AA%D7%99%D7%9D-%D7%97%D7%91%D7%A8%D7%AA%D7%99%D7%99%D7%9D/#האתר של המחלקה בעברית
revaha:cf24223138d1c48cdca7bcee9aa9c3f626d6544b,https://www.oranit.org.il/%D7%9E%D7%97%D7%9C%D7%A7%D7%94-%D7%9C%D7%A9%D7%99%D7%A8%D7%95%D7%AA%D7%99%D7%9D-%D7%97%D7%91%D7%A8%D7%AA%D7%99%D7%99%D7%9D/#האתר של המחלקה בעברית
revaha:83edd3cdb738b66384289b8d4b133227fd63277f,https://www.shoham.muni.il/307/#האתר של המחלקה בעברית
revaha:a6301916fcb519f000aac2b9dfbca1d25e605469,"https://www.jaljulye.muni.il/departments/Lists/List/CustomDispForm.aspx?ID=1#האתר של המחלקה בערבית
https://www.jaljulye.muni.il/Hebrew/Departments/Lists/List/CustomDispForm.aspx?ID=1#האתר של המחלקה בעברית"
revaha:393d757cb064597397e597dff3180bc9956e7f54,"https://taibeh.muni.il/Departments/19#האתר של המחלקה בערבית
אין דף בעברית, זה עושה גוגל טרנסלייט אוטומטי#האתר של המחלקה בעברית"
revaha:d599600c0c21d2feaa4a4fd445dd9bf0cf57c9d0,"https://www.tira.muni.il/Arabic/muni/Departments/Pages/social_services.aspx#האתר של המחלקה בערבית
https://www.tira.muni.il/Hebrew/muni/Departments/Pages/SocialServices.aspx#האתר של המחלקה בעברית"
revaha:31060dd5782d0059c8978761a5c3a050ded0a4bd,"https://kafar-bara.muni.il/departments/10#האתר של המחלקה בערבית
https://www.kafar-bara.muni.il/he/departments/topic/27#האתר של המחלקה בעברית"
revaha:f227344a423d7ad5d11777f2659fec8e8207cc1c,
revaha:cc1b8fb2585689b47a31790a0e81113a10ab822c,https://www.hadera.muni.il/he-il/%d7%90%d7%aa%d7%a8-%d7%94%d7%a2%d7%99%d7%a8/%d7%90%d7%92%d7%a3-%d7%94%d7%a8%d7%95%d7%95%d7%97%d7%94-%d7%95%d7%94%d7%a9%d7%99%d7%a8%d7%95%d7%aa%d7%99%d7%9d-%d7%94%d7%97%d7%91%d7%a8%d7%aa%d7%99%d7%99%d7%9d/%d7%90%d7%92%d7%a3-%d7%94%d7%a8%d7%95%d7%95%d7%97%d7%94-%d7%95%d7%94%d7%a9%d7%99%d7%a8%d7%95%d7%aa%d7%99%d7%9d-%d7%94%d7%97%d7%91%d7%a8%d7%aa%d7%99%d7%99%d7%9d/%d7%90%d7%95%d7%93%d7%95%d7%aa-%d7%90%d7%92%d7%a3-%d7%94%d7%a8%d7%95%d7%95%d7%97%d7%94-%d7%95%d7%94%d7%a9%d7%99%d7%a8%d7%95%d7%aa%d7%99%d7%9d-%d7%94%d7%97%d7%91%d7%a8%d7%aa%d7%99%d7%99%d7%9d/#האתר של המחלקה בעברית
revaha:630eb786333530e6a80074930d980bc1bc259b02,https://www.hadera.muni.il/he-il/%d7%90%d7%aa%d7%a8-%d7%94%d7%a2%d7%99%d7%a8/%d7%90%d7%92%d7%a3-%d7%94%d7%a8%d7%95%d7%95%d7%97%d7%94-%d7%95%d7%94%d7%a9%d7%99%d7%a8%d7%95%d7%aa%d7%99%d7%9d-%d7%94%d7%97%d7%91%d7%a8%d7%aa%d7%99%d7%99%d7%9d/%d7%90%d7%92%d7%a3-%d7%94%d7%a8%d7%95%d7%95%d7%97%d7%94-%d7%95%d7%94%d7%a9%d7%99%d7%a8%d7%95%d7%aa%d7%99%d7%9d-%d7%94%d7%97%d7%91%d7%a8%d7%aa%d7%99%d7%99%d7%9d/%d7%90%d7%95%d7%93%d7%95%d7%aa-%d7%90%d7%92%d7%a3-%d7%94%d7%a8%d7%95%d7%95%d7%97%d7%94-%d7%95%d7%94%d7%a9%d7%99%d7%a8%d7%95%d7%aa%d7%99%d7%9d-%d7%94%d7%97%d7%91%d7%a8%d7%aa%d7%99%d7%99%d7%9d/#האתר של המחלקה בעברית
revaha:f28cd03f5f21dcbde6119d8f6885f03828e2abb5,"https://www.haifa.muni.il/welfare-and-community/#האתר של המחלקה בערבית
https://www.haifa.muni.il/welfare-and-community/#האתר של המחלקה בעברית"
revaha:1b46f921c10562c222b408a180b1e8a6b089a3ec,https://www.haifa.muni.il/welfare-and-community/hadar/#האתר של המחלקה בעברית
revaha:cfc1c4e545ccb0f8e9cdfd44fe5b191739d71bed,https://www.haifa.muni.il/welfare-and-community/west-haifa/#האתר של המחלקה בעברית
revaha:ac9ac4e2f25b38ba64c056e95fec37c721737474,https://www.haifa.muni.il/welfare-and-community/east-haifa/#האתר של המחלקה בעברית
revaha:55b32fb6c2279c57d773c0fe24b25fe81f9fc56e,"https://shefaram.muni.il/ar/CmsPage/Page?pageId=1426#האתר של המחלקה בערבית
https://shefaram.muni.il/he/CmsPage/Page?pageId=1426#האתר של המחלקה בעברית"
revaha:7cda3f2e760c58aeb370d87f709ca1c6df4881a8,https://www.haifa.muni.il/welfare-and-community/kiryat-haim-and-shmuel/#האתר של המחלקה בעברית
revaha:66c6b755ed9fde8a75760a97f215069a86a17713,https://www.haifa.muni.il/welfare-and-community/carmel/#האתר של המחלקה בעברית
revaha:75d935328634ac57bac245e2c1bdbedc6b2d31fa,https://www.tiberias.muni.il/city/Lists/List1/CustomDispForm.aspx?ID=1#האתר של המחלקה בעברית
revaha:c468695b18658632291974d8887a2d0bb12de523,https://www.nahariya.muni.il/resident-service/welfare/#האתר של המחלקה בעברית
revaha:4ddd361d88583238c4614313add08e1919cc9c6e,https://www.akko.muni.il/?CategoryID=1280#האתר של המחלקה בעברית
revaha:926c55952ac2ed7832bad38797abb9f49810f219,https://www.zefat.muni.il/%d7%99%d7%97%d7%99%d7%93%d7%95%d7%aa-%d7%94%d7%a2%d7%99%d7%a8%d7%99%d7%99%d7%94/socialservices/#האתר של המחלקה בעברית
revaha:ce606eb5beed14c9a9579aa60f38e664ac792ade,https://www.kiryat-ata.org.il/muni/units/socialservicesdivision/#האתר של המחלקה בעברית
revaha:caa148a678aebb63fb4ce0e875130db6787207a3,https://www.afula.muni.il/he/123/#האתר של המחלקה בעברית
revaha:b026f763e0ccd6630e3b5e21cff7ba404f9a0760,https://www.oraqiva.muni.il/dept/revaha/Pages/default.aspx#האתר של המחלקה בעברית
revaha:051739192790323054b3f8c1178ce678eec48c88,http://www.bet-shean.org.il/%D7%94%D7%9E%D7%97%D7%9C%D7%A7%D7%94-%D7%9C%D7%A9%D7%99%D7%A8%D7%95%D7%AA%D7%99%D7%9D-%D7%97%D7%91%D7%A8%D7%AA%D7%99%D7%99%D7%9D/#האתר של המחלקה בעברית
revaha:0b20e5ff8e095bd3d6162d51ed5cfa6fd7e97673,http://www.bin-ada.co.il/RichText/GeneralPage.aspx?nodeId=966#האתר של המחלקה בעברית
revaha:8fa181c5545f44ee7ed5b424d8801dacc6390762,https://www.zy1882.co.il/Index/?nodeId=946#האתר של המחלקה בעברית
revaha:0c8b0a7368aa4baed384442c706b7382ccfa15c6,https://hatzorg.co.il/%D7%A9%D7%99%D7%A8%D7%95%D7%AA%D7%99%D7%9D-%D7%97%D7%91%D7%A8%D7%AA%D7%99%D7%99%D7%9D/#האתר של המחלקה בעברית
revaha:2cc4ccad4e93ddac4097e49c1465d7655da59558,https://www.t-hevrati.co.il/#האתר של המחלקה בעברית
revaha:4ea7a32e60fec9ff27c4300a5e3ded6181642f61,https://yavneel.muni.il/%D7%94%D7%9E%D7%97%D7%9C%D7%A7%D7%94-%D7%9C%D7%A9%D7%99%D7%A8%D7%95%D7%AA%D7%99%D7%9D-%D7%97%D7%91%D7%A8%D7%AA%D7%99%D7%99%D7%9D/#האתר של המחלקה בעברית
revaha:35f905a852c307020c950a2ba9cbda2d08205f34,http://www.yesud-hamaala.muni.il/html5/?_id=9177&did=1132&g=9096&sm=9177&title=%F9%E9%F8%E5%FA%E9%ED%20%E7%E1%F8%FA%E9%E9%ED#האתר של המחלקה בעברית
revaha:5e4d386601c9cd9bf04e64f6729505d262aa3668,https://www.yoqneam.org.il/muni/dep/revaha/pages/default.aspx#האתר של המחלקה בעברית
revaha:e15be66c9f830b6bf4be1f4932645767aa7081b7,https://www.m-migdal.co.il/Departments/Lists/List1/CustomDispForm.aspx?ID=65#האתר של המחלקה בעברית
revaha:5f0edbf5e7153c9e27325f2a91efb25ac27bf7e9,https://www.migdal-haemeq.muni.il/MunicipalServices/Welfare/Pages/default.aspx#האתר של המחלקה בעברית
revaha:e7b4a234fc71e36c6bed384aa00abdc19aaeabe1,https://www.nof-hagalil.muni.il/%D7%94%D7%A8%D7%95%D7%95%D7%97%D7%94/#האתר של המחלקה בעברית
revaha:8f8be20af99d666151080aa97b76d74c0581d923,https://www.nesher.muni.il/%D7%A9%D7%99%D7%A8%D7%95%D7%AA%D7%99%D7%9D-%D7%97%D7%91%D7%A8%D7%AA%D7%99%D7%99%D7%9D/#האתר של המחלקה בעברית
revaha:bf57ef4bed2289368db38d93f2566e8cf57ccfb7,https://www.pardes-hanna-karkur.muni.il/60/#האתר של המחלקה בעברית
revaha:b31a0db21424ff235c0e1e0185867a9c6aa25369,https://www.qbialik.org.il/%D7%90%D7%92%D7%A3_%D7%94%D7%A8%D7%95%D7%95%D7%97%D7%94_%D7%95%D7%94%D7%91%D7%99%D7%98%D7%97%D7%95%D7%9F_%D7%94%D7%97%D7%91%D7%A8%D7%AA%D7%99#האתר של המחלקה בעברית
revaha:7dae5399f5e7f20b44ccef6b74aabd4c1c03e6a9,https://www.ktv.org.il/%D7%A9%D7%99%D7%A8%D7%95%D7%AA%D7%99%D7%9D-%D7%97%D7%91%D7%A8%D7%AA%D7%99%D7%99%D7%9D/#האתר של המחלקה בעברית
revaha:9e228c2d51c58ae1f9a4c5777e3d014ce2f0479f,https://www.kiryat-yam.muni.il/%D7%9E%D7%97%D7%9C%D7%A7%D7%AA-%D7%A8%D7%95%D7%95%D7%97%D7%94-%D7%95%D7%A9%D7%A8%D7%95%D7%AA%D7%99%D7%9D-%D7%97%D7%91%D7%A8%D7%AA%D7%99%D7%99%D7%9D/#האתר של המחלקה בעברית
revaha:dca63ed448fb071c43a51d3e4ae61fa515f47b58,https://www.motzkin.co.il/municipality/Department/Lists/List/DispForm.aspx?ID=48#האתר של המחלקה בעברית
revaha:81df1f529c29036f5bda7ea4d0e2a07454155547,https://www.k-8.co.il/%D7%A9%D7%99%D7%A8%D7%95%D7%AA%D7%99%D7%9D-%D7%97%D7%91%D7%A8%D7%AA%D7%99%D7%99%D7%9D/#האתר של המחלקה בעברית
revaha:b64e481a3c5505dd14ec4d228ceab6056d9e689c,https://rosh-pinna.muni.il/%D7%94%D7%9E%D7%97%D7%9C%D7%A7%D7%94-%D7%9C%D7%A9%D7%99%D7%A8%D7%95%D7%AA%D7%99%D7%9D-%D7%97%D7%91%D7%A8%D7%AA%D7%99%D7%99%D7%9D/#האתר של המחלקה בעברית
revaha:4649a29e95ad72e5407455b8ef889a0c18deb578,https://rekhasim.muni.il/%D7%9E%D7%97%D7%9C%D7%A7%D7%AA-%D7%A8%D7%95%D7%95%D7%97%D7%94-%D7%95%D7%A9%D7%99%D7%A8%D7%95%D7%AA%D7%99%D7%9D-%D7%97%D7%91%D7%A8%D7%AA%D7%99%D7%99%D7%9D/#האתר של המחלקה בעברית
revaha:9a3f91df332fcbf2fd65bc035980e1c95a800c45,https://ramat-yishay.com/%D7%A8%D7%95%D7%95%D7%97%D7%94/#האתר של המחלקה בעברית
revaha:c5a7b039b0b8024db80399acf3cb44cf7ab96eab,https://www.shelomi.org.il/%D7%A7%D7%94%D7%99%D7%9C%D7%94-%D7%95%D7%97%D7%91%D7%A8%D7%94/#האתר של המחלקה בעברית
revaha:b8e7ae7395a8602360fcd5f5c8e509f5c609db3c,https://www.maltar.org.il/%D7%94%D7%9E%D7%97%D7%9C%D7%A7%D7%94-%D7%9C%D7%A9%D7%99%D7%A8%D7%95%D7%AA%D7%99%D7%9D-%D7%97%D7%91%D7%A8%D7%AA%D7%99%D7%99%D7%9D/#האתר של המחלקה בעברית
revaha:86ad06419ab57204b2cb7130f64102e8119a29a3,https://www.metulla.muni.il/15/#האתר של המחלקה בעברית
revaha:6b53f7c59a37e96b3cdd69e308463fddd0a7ac53,https://karmiel.muni.il/%D7%9E%D7%A0%D7%94%D7%9C-%D7%A9%D7%99%D7%A8%D7%95%D7%AA%D7%99%D7%9D-%D7%97%D7%91%D7%A8%D7%AA%D7%99%D7%99%D7%9D/#האתר של המחלקה בעברית
revaha:b335503f0bfd1d166672b0669ffbe5514a07d287,https://katsrin.com/%D7%A9%D7%99%D7%A8%D7%95%D7%AA%D7%99%D7%9D-%D7%97%D7%91%D7%A8%D7%AA%D7%99%D7%99%D7%9D/#האתר של המחלקה בעברית
revaha:703e64874adfe9cc8e7688a4394cb350516ec92f,https://www.harish.muni.il/81/#האתר של המחלקה בעברית
revaha:b44dd74844d969aa9898fbe53ccf0a90beddb13a,https://kfarvradim.com/council/%D7%9E%D7%97%D7%9C%D7%A7%D7%94-%D7%9C%D7%A9%D7%99%D7%A8%D7%95%D7%AA%D7%99%D7%9D-%D7%97%D7%91%D7%A8%D7%AA%D7%99%D7%99%D7%9D/#האתר של המחלקה בעברית
revaha:bafe5c711744e8c0279c7e6625bb13166b9e9c80,https://www.kefar-tavor.muni.il/%D7%A9%D7%99%D7%A8%D7%95%D7%AA%D7%99%D7%9D-%D7%97%D7%91%D7%A8%D7%AA%D7%99%D7%99%D7%9D-%D7%A8%D7%95%D7%95%D7%97%D7%94/#האתר של המחלקה בעברית
revaha:3b6c1019145d23cee0335b90ad9919c9c6c233ea,https://www.alona.org.il/47/#האתר של המחלקה בעברית
revaha:9eb70ff6b3af34465ec15bb37d2d51f0d4a1396b,https://www.glt.org.il/Departments/Pages/SocialServices.aspx#האתר של המחלקה בעברית
revaha:891840bc76c4cf97cbed2dac6e3fb52b81b9e44e,https://emek-maianot-region.muni.il/%D7%A9%D7%99%D7%A8%D7%95%D7%AA%D7%99%D7%9D-%D7%97%D7%91%D7%A8%D7%AA%D7%99%D7%99%D7%9D/#האתר של המחלקה בעברית
revaha:4d6388cb31a5d3fb14b91c10e14f505b5b3ef2bf,https://www.matte-asher-region.muni.il/he/%D7%A8%D7%95%D7%95%D7%97%D7%94/#האתר של המחלקה בעברית
revaha:fed449a403a3730f53adf41749b301610e3c3825,"https://ar.hagilboa.org.il/%D7%9E%D7%97%D7%9C%D7%A7%D7%AA-%D7%A9%D7%99%D7%A8%D7%95%D7%AA%D7%99%D7%9D-%D7%97%D7%91%D7%A8%D7%AA%D7%99%D7%99%D7%9D/#האתר של המחלקה בערבית
https://www.hagilboa.org.il/%D7%9E%D7%97%D7%9C%D7%A7%D7%AA-%D7%A9%D7%99%D7%A8%D7%95%D7%AA%D7%99%D7%9D-%D7%97%D7%91%D7%A8%D7%AA%D7%99%D7%99%D7%9D/#האתר של המחלקה בעברית"
revaha:5ecb1bd2092ec9fb85d067de96cd418f61752a51,https://www.galil-elion.org.il/%D7%A9%D7%99%D7%A8%D7%95%D7%AA%D7%99%D7%9D-%D7%97%D7%91%D7%A8%D7%AA%D7%99%D7%99%D7%9D#האתר של המחלקה בעברית
revaha:d2f6beaff631449d6c8eb9ece62d55ae1144089f,http://www.kfarkama.co.il/%D7%99%D7%97%D7%99%D7%93%D7%95%D7%AA-%D7%94%D7%9E%D7%95%D7%A2%D7%A6%D7%94/%D7%94%D7%9E%D7%97%D7%9C%D7%A7%D7%94-%D7%9C%D7%A9%D7%99%D7%A8%D7%95%D7%AA%D7%99%D7%9D-%D7%97%D7%91%D7%A8%D7%AA%D7%99%D7%99%D7%9D/#האתר של המחלקה בעברית
revaha:1a02d73595482fc1aa02f2762bcdc8abf6f5db25,https://www.zvulun.org.il/%D7%94%D7%9E%D7%97%D7%9C%D7%A7%D7%94-%D7%9C%D7%A9%D7%A8%D7%95%D7%AA%D7%99%D7%9D-%D7%97%D7%91%D7%A8%D7%AA%D7%99%D7%99%D7%9D/#האתר של המחלקה בעברית
revaha:935501c9331625d3c2c671ff94c91ebb9f27bb39,https://www.hof-hacarmel.co.il/%D7%90%D7%92%D7%A3_%D7%9C%D7%A9%D7%99%D7%A8%D7%95%D7%AA%D7%99%D7%9D_%D7%97%D7%91%D7%A8%D7%AA%D7%99%D7%99%D7%9D_%D7%95%D7%A7%D7%94%D7%99%D7%9C%D7%AA%D7%99%D7%99%D7%9D#האתר של המחלקה בעברית
revaha:725bf6e78251da95d2b628a73eca324d770ab380,https://www.emekyizrael.org.il/%D7%90%D7%92%D7%A3-%D7%A7%D7%94%D7%99%D7%9C%D7%94-%D7%95%D7%A8%D7%95%D7%95%D7%97%D7%94/#האתר של המחלקה בעברית
revaha:5e766e8548dca1c6314d4c1bbe9651913f9f3bca,https://megido.org.il/%d7%aa%d7%99%d7%99%d7%a8%d7%95%d7%aa/#האתר של המחלקה בעברית
revaha:02731ea89c860534a51864d41ead9b21c9291929,https://www.menashe.co.il/%D7%A9%D7%99%D7%A8%D7%95%D7%AA%D7%99%D7%9D-%D7%97%D7%91%D7%A8%D7%AA%D7%99%D7%99%D7%9D/#האתר של המחלקה בעברית
revaha:c973e467d9aac5d6020e536c9b0113000bb23410,https://www.myosef.org.il/Departments/SocialServices/Pages/default.aspx#האתר של המחלקה בעברית
revaha:939e398411cb860afda1d167ff7da761471fbc45,https://www.mrg.org.il/%D7%94%D7%90%D7%92%D7%A3-%D7%9C%D7%A9%D7%99%D7%A8%D7%95%D7%AA%D7%99%D7%9D-%D7%97%D7%91%D7%A8%D7%AA%D7%99%D7%99%D7%9D/#האתר של המחלקה בעברית
revaha:de90d1c7cda73f7ad52484586b078465ea4b5b03,https://www.j-v.org.il/%D7%A7%D7%94%D7%99%D7%9C%D7%94/#האתר של המחלקה בעברית
revaha:c998d0c3096de848e624d51df99ab8db8d90f3ce,https://www.mvhr.org.il/%d7%99%d7%a9%d7%95%d7%91%d7%99%d7%9d/#האתר של המחלקה בעברית
revaha:d7307b824834527797adf368ece4dcd02323a53c,https://www.golan.org.il/therapy/hevrat/#האתר של המחלקה בעברית
revaha:acce2fe8ee4b758c0925f1013314c1f0476911c2,https://www.misgav.org.il/130/#האתר של המחלקה בעברית
revaha:bec7cde055f6d538073ddd427806c5cde0da13a6,"https://www.nazareth.muni.il/arabic/muni/Lists/List/CustomDispForm.aspx?ID=16#האתר של המחלקה בערבית
https://www.nazareth.muni.il/Hebrew/muni/Lists/List1/DispForm.aspx?ID=92#האתר של המחלקה בעברית"
revaha:479f886966450e785c54547989aad5f84afec26e,"http://www.umelfahem.org/inner.asp?root=92&RecordID=2986#האתר של המחלקה בערבית
http://he.umelfahem.org/cat.asp?RecordID=2986&root=92&sub=164&grid=grid_3#האתר של המחלקה בעברית"
revaha:327145ab19a98aaaf600bc5815bf1e162b40c446,"https://www.iksal.muni.il/muni/Pages/SocialServices.aspx#האתר של המחלקה בערבית
https://www.iksal.muni.il/Heb/muni/Pages/default.aspx#האתר של המחלקה בעברית"
revaha:825c488fcd892ec3e7d587416c477cc33743d61a,"https://www.baqa.co.il/arabic/info_arabic/departments_arabic/#האתר של המחלקה בערבית
https://www.baqa.co.il/gd_phonebook/category/welfare/#האתר של המחלקה בעברית"
revaha:3ed8d20887093dcb262a1eb7ee7c118ea5d05000,"רשום שהאתר בערבית נמצא בפיתוח#האתר של המחלקה בערבית
https://www.yanuh-jat.muni.il/muni/Lists/Departments/CustomDispForm.aspx?ID=12#האתר של המחלקה בעברית"
revaha:7e071ff10c011d02dd26f3c532764c00be9657db,"http://einknia.com/?p=1853#האתר של המחלקה בערבית
http://einknia.com/?p=1853#האתר של המחלקה בעברית"
revaha:f29d4824f176d55d9583d6d152284448e46fd566,"http://daburiyya.muni.il/Departments/topic/311#האתר של המחלקה בערבית
http://daburiyya.muni.il/Departments/topic/311#האתר של המחלקה בעברית"
revaha:510ce6bce9a5a9a73f90e50bf4771d44a7a8bbe4,"https://ghajarlc.org.il/?page_id=1380#האתר של המחלקה בערבית
https://ghajarlc.org.il/?page_id=1380#האתר של המחלקה בעברית"
revaha:fcc4eddb2eb8ee32e9d5fe4ca7a95edb595447fd,https://www.kafr-yasif.muni.il/Departments/Pages/welfare.aspx#האתר של המחלקה בעברית
revaha:e53f2a6183b452e125a04b0b053334d368fb5892,"https://al-maghar.co.il/ar/51/#האתר של המחלקה בערבית
https://al-maghar.co.il/he/#האתר של המחלקה בעברית"
revaha:05c920ce14b780ae504d3429a597c259378e145a,"https://www.mielya.muni.il/dept/Pages/rivaha.aspx#האתר של המחלקה בערבית
https://www.mielya.muni.il/dept/Pages/rivaha.aspx#האתר של המחלקה בעברית"
revaha:23d4fdc877cfc0e6e6a7fc987ac68d58026451d3,https://www.isifya.co.il/he/10/#האתר של המחלקה בעברית
revaha:743c36b060c20cfe1e64d2f1500114922ec25c29,"https://www.fureidis.muni.il/Moatza/Pages/Vadot.aspx#האתר של המחלקה בערבית
https://www.fureidis.muni.il/Heb/Pages/default.aspx#האתר של המחלקה בעברית"
revaha:388d80a47102be76116b83025b680dc3cedae443,"http://www.peqiin.muni.il/web/department.php?i=8#האתר של המחלקה בערבית
http://www.peqiin.muni.il/web/department.php?i=35#האתר של המחלקה בעברית"
revaha:65dd18ce31f439b47e798d6cfe627d91a1eff87e,https://rame.muni.il/%D7%A8%D7%95%D7%95%D7%97%D7%94/#האתר של המחלקה בעברית
revaha:0d87b4045ffccf3fe1cfc33824a98a2be2085c16,"https://www.tamra.muni.il/ar/171/#האתר של המחלקה בערבית
https://www.tamra.muni.il/he/171/#האתר של המחלקה בעברית"
revaha:f5b1cce1db38c59ce09aee85cafffcc1f772bea6,"https://www.kafar-qara.muni.il/ar/24/#האתר של המחלקה בערבית
https://www.kafar-qara.muni.il/he/24/#האתר של המחלקה בעברית"
revaha:404a205948f9e204766ac7b5f219f7ab3d62b170,"https://beit-jann.muni.il/ar/%D7%A9%D7%99%D7%A8%D7%95%D7%AA%D7%99%D7%9D-%D7%9C%D7%AA%D7%95%D7%A9%D7%91/%D7%A9%D7%99%D7%A8%D7%95%D7%AA%D7%99%D7%9D-%D7%97%D7%91%D7%A8%D7%AA%D7%99%D7%99%D7%9D/%D7%A4%D7%A8%D7%98-%D7%95%D7%9E%D7%A9%D7%A4%D7%97%D7%94/#האתר של המחלקה בערבית
https://beit-jann.muni.il/%d7%a9%d7%99%d7%a8%d7%95%d7%aa%d7%99%d7%9d-%d7%9c%d7%aa%d7%95%d7%a9%d7%91/%d7%a9%d7%99%d7%a8%d7%95%d7%aa%d7%99%d7%9d-%d7%97%d7%91%d7%a8%d7%aa%d7%99%d7%99%d7%9d/%d7%a4%d7%a8%d7%98-%d7%95%d7%9e%d7%a9%d7%a4%d7%97%d7%94/#האתר של המחלקה בעברית"
revaha:58e7944ddd5812639b7d16b7af0c8cb6d8c46343,"https://ibllin.muni.il/%d8%a3%d9%82%d8%b3%d8%a7%d9%85-%d8%a7%d9%84%d9%85%d8%ac%d9%84%d8%b3/%d9%82%d8%b3%d9%85-%d8%a7%d9%84%d8%b1%d9%81%d8%a7%d9%87-%d8%a7%d9%84%d8%a7%d8%ac%d8%aa%d9%85%d8%a7%d8%b9%d9%8a/#האתר של המחלקה בערבית
https://ibllin.muni.il/he/%D7%9E%D7%97%D7%9C%D7%A7%D7%95%D7%AA-%D7%94%D7%9E%D7%95%D7%A2%D7%A6%D7%94/%D7%9E%D7%97%D7%9C%D7%A7%D7%AA-%D7%A8%D7%95%D7%95%D7%97%D7%94/#האתר של המחלקה בעברית"
revaha:24e4237fdca21a61862c5b695b418583f6ca77dd,"https://majd-al-kurum.muni.il/ar/%d9%82%d8%b3%d9%85-%d8%a7%d9%84%d8%ae%d8%af%d9%85%d8%a7%d8%aa-%d8%a7%d9%84%d8%a7%d8%ac%d8%aa%d9%85%d8%a7%d8%b9%d9%8a%d8%a9/#האתר של המחלקה בערבית
https://majd-al-kurum.muni.il/%D7%A9%D7%99%D7%A8%D7%95%D7%AA%D7%99%D7%9D-%D7%97%D7%91%D7%A8%D7%AA%D7%99%D7%99%D7%9D/#האתר של המחלקה בעברית"
revaha:6f2b68c903b78edf43553b0f160df7ae4a63601a,"http://majdal.co.il/?cat=39#האתר של המחלקה בערבית
http://majdal.co.il/#האתר של המחלקה בעברית"
revaha:6c86ebd75a22c2756647fa64b9c0aa178e800d50,"https://www.ein-mahel.muni.il/Hebrew/Departments/Lists/List/CustomDispForm.aspx?ID=10#האתר של המחלקה בערבית
https://www.ein-mahel.muni.il/Hebrew/Departments/Lists/List/CustomDispForm.aspx?ID=10#האתר של המחלקה בעברית"
revaha:411ba95df9a7425cf82f8067d87dde6f4b79317e,"https://yirka.muni.il/ar/39/#האתר של המחלקה בערבית
https://yirka.muni.il/he/39/#האתר של המחלקה בעברית"
revaha:13596f7139c460bd8b35e72a48746a838b8e655b,"https://www.sakhnin.muni.il/ar/180/#האתר של המחלקה בערבית
https://www.sakhnin.muni.il/he/180/#האתר של המחלקה בעברית"
revaha:fbbc03ccc48a5c2bf4b05472cb0fa0ab18f52edf,"https://arraba.muni.il/ar/66/#האתר של המחלקה בערבית
https://arraba.muni.il/he/66/#האתר של המחלקה בעברית"
revaha:0bab06688c99fcd5c8c7477a80cb34f1e3f8a0f0,"https://www.jish.org.il/Arabic/Departments/Pages/Welfare.aspx#האתר של המחלקה בערבית
https://www.jish.org.il/Departments/Pages/Welfare.aspx#האתר של המחלקה בעברית"
revaha:94387b307fcab1d02272a074f3b3027c6cd10bb5,https://julis.muni.il/he/2089/#האתר של המחלקה בעברית
revaha:fd04a93aa7e2438db3518435459cf35342a1b5a2,"https://www.bueine-nujeidat.muni.il/Arabic/Departments/Social%20Services/Pages/default.aspx#האתר של המחלקה בערבית
https://www.bueine-nujeidat.muni.il/departments/social/pages/default.aspx#האתר של המחלקה בעברית"
revaha:715a83fdd56950d7e55520dee0b2b1aa00aa66ff,"https://nahef.muni.il/inner.asp?root=146&RecordID=395&lang=ar#האתר של המחלקה בערבית
https://nahef.muni.il/inner.asp?root=146&RecordID=395&lang=he#האתר של המחלקה בעברית"
revaha:1b729f1f194cde323b07d3b697b14a253951b3f9,"http://judeidemaker.muni.il/ar/page/49/#האתר של המחלקה בערבית
http://judeidemaker.muni.il/he/page/49#האתר של המחלקה בעברית"
revaha:15284e35d4a360e7909e0a0e56cc04bd8cf85ef0,"https://www.mashhad.muni.il/Arabic/Departments//Lists/List/DispForm.aspx?ID=8#האתר של המחלקה בערבית
https://www.mashhad.muni.il/Departments/Lists/List/DispForm.aspx?ID=8#האתר של המחלקה בעברית"
revaha:8defd2d7c94579560f810585957fddcd9bd4a90f,"https://reine.muni.il/ar/CmsPage/Page?pageId=36#האתר של המחלקה בערבית
https://reine.muni.il/he/home/index#האתר של המחלקה בעברית"
revaha:4f5968cb1b611eb892762bbb8aebb4f8c178948f,"https://jisr-az-zarqa.muni.il/ar/services/106#האתר של המחלקה בערבית
https://jisr-az-zarqa.muni.il/he/services/106#האתר של המחלקה בעברית"
revaha:aa9bf5440682d7a9d98244fcf705a01f6e29e264,"http://basmattabun.muni.il/?page_id=2474&lang=ar#האתר של המחלקה בערבית
http://basmattabun.muni.il/?page_id=546#האתר של המחלקה בעברית"
revaha:05ef318b9283aad052f5fad35e85aab470506f8d,"https://kafar-manda.muni.il/%d8%a3%d9%82%d8%b3%d8%a7%d9%85-%d8%a7%d9%84%d9%85%d8%ac%d9%84%d8%b3/%d9%82%d8%b3%d9%85-%d8%a7%d9%84%d8%b1%d9%81%d8%a7%d9%87-%d9%88%d8%a7%d9%84%d8%b4%d8%a4%d9%88%d9%86-%d8%a7%d9%84%d8%a7%d8%ac%d8%aa%d9%85%d8%a7%d8%b9%d9%8a%d8%a9/#האתר של המחלקה בערבית
https://kafar-manda.muni.il/he/%D7%9E%D7%97%D7%9C%D7%A7%D7%95%D7%AA-%D7%94%D7%9E%D7%95%D7%A2%D7%A6%D7%94/%D9%82%D8%B3%D9%85-%D8%A7%D9%84%D8%B1%D9%81%D8%A7%D9%87-%D9%88%D8%A7%D9%84%D8%B4%D8%A4%D9%88%D9%86-%D8%A7%D9%84%D8%A7%D8%AC%D8%AA%D9%85%D8%A7%D8%B9%D9%8A%D8%A9/#האתר של המחלקה בעברית"
revaha:1a0ce0781f0b371611e95c6310fa9451804060f7,https://lch.org.il/he/#האתר של המחלקה בעברית
revaha:c5e1dc8816561c613f703cff944929f49172f2a7,"https://www.eilaboun.muni.il/city/Pages/revaha.aspx#האתר של המחלקה בערבית
https://www.eilaboun.muni.il/city/Pages/default.aspx#האתר של המחלקה בעברית"
revaha:73ffecacbfd0f83945c1e1fa5741ec1ac27ad0da,"https://www.yaffa.org.il/ar/67/#האתר של המחלקה בערבית
https://www.yaffa.org.il/he/67/#האתר של המחלקה בעברית"
revaha:3b9fc74455e7b09c8fa7668488cdf10bc81e2e59,"https://www.shibli-umm-al-ghanam.muni.il/ar/departments/15#האתר של המחלקה בערבית
https://www.shibli-umm-al-ghanam.muni.il/he/departments/15#האתר של המחלקה בעברית"
revaha:fa8f74d864bae4072cd55c5ac216a435d1574f60,http://www.tuba-zangariyye.muni.il/#האתר של המחלקה בעברית
revaha:bb685406bd952d17a9814eb8dda9e39e4440bac4,"https://www.kisra-sumei.muni.il/department-of-social-affairs#האתר של המחלקה בערבית
https://www.kisra-sumei.muni.il/he/department-of-social-affairs#האתר של המחלקה בעברית"
revaha:e7f8b9e542a6ccafe2cdbbdad5deb9eeccf4dbf6,"https://kabul.muni.il/ar/departments/4#האתר של המחלקה בערבית
https://kabul.muni.il/he/departments/4#האתר של המחלקה בעברית"
revaha:2ae75ec82cad8e5c8169f61044b9d07117585f2b,"https://deiralasad.muni.il/index.asp?lang=ar##האתר של המחלקה בערבית
https://deiralasad.muni.il/?lang=he#האתר של המחלקה בעברית"
revaha:822a6a7118418d69d75003fe5c34b7308032914d,"http://arara-ara.muni.il/ar/REVHA#האתר של המחלקה בערבית
http://arara-ara.muni.il/he/main#האתר של המחלקה בעברית"
revaha:86e92d21144291165bf3542fbac38195bcd640e0,"https://www.deir-hanna.muni.il/muni/Pages/social_service.aspx#האתר של המחלקה בערבית
https://www.deir-hanna.muni.il/Hebrew/muni/Pages/social_services.aspx#האתר של המחלקה בעברית"
revaha:7c458b2f88dde694d1b290f199e0d34d829b4b69,"https://www.bir-elmaksur.org.il/ar/100/#האתר של המחלקה בערבית
https://www.bir-elmaksur.org.il/he/100/#האתר של המחלקה בעברית"
revaha:b11f40e17879f37dec3a6aa767f47ce9be0f97d1,"https://www.kfarcana.muni.il/units/Pages/social_services.aspx#האתר של המחלקה בערבית
https://www.kfarcana.muni.il/Heb/muni/Pages/social_services.aspx#האתר של המחלקה בעברית"
revaha:c5b397e871969e52fb7bcd15af4d5a7bcb7b0697,"https://www.bine.muni.il/cat.asp?RecordID=199&root=146&sub=175&grid=grid_3&lang=ar#האתר של המחלקה בערבית
https://www.bine.muni.il/cat.asp?RecordID=199&root=146&sub=175&grid=grid_3&lang=he#האתר של המחלקה בעברית"
revaha:be763734dcc4091ee012a5814c759e1bab14b56a,"https://shaab.muni.il/ar/departments/18#האתר של המחלקה בערבית
https://shaab.muni.il/he/departments/18#האתר של המחלקה בעברית"
revaha:8f85b937a3aad28e885cc24696821dd9fb8137c6,"https://kaokab-abu-alhija.muni.il/ar/departments/18#האתר של המחלקה בערבית
https://kaokab-abu-alhija.muni.il/he/departments/18#האתר של המחלקה בעברית"
revaha:840a7b2262ac0d26133067e08eb39b1f75436bfe,"https://ar.fassuta.muni.il/%D7%9E%D7%97%D7%9C%D7%A7%D7%AA-%D7%A8%D7%95%D7%95%D7%97%D7%94/#האתר של המחלקה בערבית
https://fassuta.muni.il/%D7%9E%D7%97%D7%9C%D7%A7%D7%AA-%D7%A8%D7%95%D7%95%D7%97%D7%94/#האתר של המחלקה בעברית"
revaha:1521d60cb57c5927ee3d10931391cfadf1d6e804,"https://ilut.muni.il/ar/CmsPage/Page?pageId=1269#האתר של המחלקה בערבית
https://ilut.muni.il/he/CmsPage/Page?pageId=1269#האתר של המחלקה בעברית"
revaha:63472dec662380944af74e5914f34bc79e60990b,
revaha:4812ac44b50f5205ecead6f320847e5ddc73d53b,"https://basma.muni.il/ar/CmsPage/SpecialCategory/1#האתר של המחלקה בערבית
https://basma.muni.il/he/CmsPage/SpecialCategory/1#האתר של המחלקה בעברית"
revaha:6b25d0214f106b5d4b505c35f5497ccfc0b65c92,"https://www.maaleiron.muni.il/Departments/topic/141#האתר של המחלקה בערבית
https://www.maaleiron.muni.il/Departments/topic/141#האתר של המחלקה בעברית"
revaha:c9131dce471bf2ae533f3b81ed49f5e1f6250fdc,"https://bostanalmarj.co.il/parts/5#האתר של המחלקה בערבית
https://bostanalmarj.co.il/#האתר של המחלקה בעברית"
revaha:aaaa40d0746fa9e4387f59791c3240cae63fe77a,"http://el-batouf-region.muni.il/ar/page/41/#האתר של המחלקה בערבית
http://el-batouf-region.muni.il/he/page/41#האתר של המחלקה בעברית"
revaha:a8e7839117cd34590d942eb472746dbe3f95eb21,"https://buqata.muni.il/ar/34/#האתר של המחלקה בערבית
https://buqata.muni.il/he/34/#האתר של המחלקה בעברית"
revaha:b3be0e798c1787a386b43942a96d618734a3bd1b,"http://masadalc.com/?cat=39#האתר של המחלקה בערבית
http://masadalc.com/?cat=39#האתר של המחלקה בעברית"
revaha:0c8b032fc7af5505764740c2195ad2b271ecb3d0,"https://mazraa.muni.il/AR/CmsPage/Page?pageId=1269#האתר של המחלקה בערבית
https://mazraa.muni.il/he/CmsPage/Page?pageId=1269#האתר של המחלקה בעברית"
revaha:a5af42dfd9ffd6247ab8a7acd1c30673c6b9faed,"https://www.kaabiyye-tabbash-hajajre.muni.il/Arabic/Department/Social/Pages/default.aspx#האתר של המחלקה בערבית
https://www.kaabiyye-tabbash-hajajre.muni.il/departments/Pages/Rivha.aspx#האתר של המחלקה בעברית"
revaha:7b545a64fec88cb826894608a1795d44962ca309,"https://www.abu-sinan.muni.il/Departments/topic/100#האתר של המחלקה בערבית
https://www.abu-sinan.muni.il/Departments/topic/100#האתר של המחלקה בעברית"
revaha:975f64cf7476eef3f1c140c0324b29ada96f4f5f,
revaha:e291a3b831442675069e34109d7521871e8b1891,"https://www.turan.muni.il/ar/10/#האתר של המחלקה בערבית
https://www.turan.muni.il/he/10/#האתר של המחלקה בעברית"
revaha:37cf51081c2b2adf377f5ddce5bdb68e3ecd1da5,https://mdec.co.il/he/15/#האתר של המחלקה בעברית
revaha:a3f37dffc2478e78994b2321c02aaf0ec7917092,https://zarzir.muni.il/he/department-of-social-services#האתר של המחלקה בעברית
